query,related
boy's Pajamas,boys pajama sets
boy's Pajamas,boys' pajamas nearby
boy's Pajamas,boys pajamas size 12
boy's Pajamas,boys pajamas size 10
boy's Pajamas,boys pajamas size 14
boy's Pajamas,boys pajamas size 8
boy's Pajamas,boys pajama sets
boy's Pajamas,boys' pajamas nearby
boy's Pajamas,boys pajamas size 12
boy's Pajamas,boys pajamas size 10
boy's Pajamas,boys pajamas size 14
boy's Pajamas,boys pajamas size 8
boy's Pajamas,cotton pajamas for baby boy
boy's Pajamas,pyjamas for 10 year old boy
boy's Pajamas,boys' cotton pajamas size 8 +
boy's Pajamas,pyjamas for 8 year old boy
boy's Pajamas,winter pajamas for baby boy
boy's Pajamas,pajama for men
boy's Pajamas,boys pajama sets
boy's Pajamas,boys pyjamas online
boy's Pajamas,big boy pajamas size 14-16
boy's Pajamas,boys pajamas size 12
boy's Pajamas,boys pajamas size 14
boy's Pajamas,boys pajama pants
boy's Pajamas,toddler boy pajamas
boy's Pajamas,boys pajamas size 6
boy's Pajamas,carter's pajamas
boy's Pajamas,youth pajama
boy's Pajamas,boys pajamas size 12
boy's Pajamas,boys pajamas size 14
boy's Pajamas,boys pajamas size 10
boy's Pajamas,costco boys pajamas
boy's Pajamas,boys pajamas size 8
boy's Pajamas,boys' cotton pajamas size 14
boy's Pajamas,old navy boys pajamas
boy's Pajamas,big boy pajamas size 14-16
