position,title,query,snippet_highlighted_words,rich_snippet_list,snippet,link
1,Lane Bryant: Plus Size Clothing for Women,women Plus Size Clothing,"[""women's plus size clothing""]",[],"The latest looks in women's plus size clothing are just a click away at Lane Bryant. Shop trendy tops, pants, stylish dresses and more in sizes 10 to 40.",https://www.lanebryant.com/
2,Trendy Plus Size Clothing for Women - Maurices,women Plus Size Clothing,"[""women's plus size clothing""]",[],"Shop women's plus size clothing at maurices for cute plus size tops, jeans, dresses & more! Free shipping on all orders over $50!",https://www.maurices.com/c/plus-sizes/N-10591
3,Plus Size Clothing for Women - Kohl's,women Plus Size Clothing,"[""women's plus clothing"", ""women's plus dresses""]",[],"Enjoy free shipping and easy returns on women's plus clothing from Kohl's. Find women's plus dresses, jeans and tops in casual, formal and work-ready ...",https://www.kohls.com/sale-event/womens-plus-clothing.jsp
4,Plus Size Clothing for Women - Torrid,women Plus Size Clothing,"[""women's plus size clothing""]",[],"Shop plus size clothing in the latest styles at Torrid! Find women's plus size clothing, dresses, lingerie, tops, jeans & more in sizes 10-30.",https://www.torrid.com/new-plus-size-clothing/
5,Plus Size Clothing for Women - Macy's,women Plus Size Clothing,"['plus size clothing', 'women', 'plus size', 'dresses', 'women']",[],"Shop plus size clothing for women at Macys.com. Huge selection of plus size fashion: swimwear, dresses & jeans from top brands for curvy women.",https://www.macys.com/shop/plus-size-clothing?id=32147
6,Women's Plus Size Clothing | Walmart.com,women Plus Size Clothing,"['plus size woman', 'dresses']",[],"Walmart offers everything for the plus size woman including coats and jackets, dresses, tops, sweaters, jeans, activewear, shoes, bras and panties, and so much ...",https://www.walmart.com/cp/womens-plus/133195
7,Women's Plus-Size Clothing - ASOS,women Plus Size Clothing,"[""Women's Plus-Size Clothing""]",[],Women's Plus-Size Clothing · ASOS DESIGN Curve v neck batwing chiffon maxi dress with embroidery detail in pine green · ASOS EDITION Curve crystal and bead mini ...,https://www.asos.com/us/women/curve-plus-size/cat/?cid=9577
8,Plus Size Clothing & Plus Size Fashion for Women - Belk,women Plus Size Clothing,"['Plus Size Clothing', 'Plus Size', 'Plus Size']",[],Plus Size Clothing (6251) · Karen Kane Plus Size Tie Front Blouse · Alfred Dunner Petite Floral Bouquet Knit Top · Kim Rogers® Plus Size 3/4 Sleeve Crew Neck ...,https://www.belk.com/women/plus-size-clothing/
9,Plus Size Women's Clothing | Forever 21,women Plus Size Clothing,"['plus size', 'dresses']",[],"Shop the latest in plus size fashion at Forever 21 including sweaters, jackets, wide width boots, jeans, tops and dresses. New Fall and Winter fashion ...",https://www.forever21.com/us/shop/catalog/category/plus/plus_size-main
10,Plus Size Women's Clothing - Dressbarn,women Plus Size Clothing,"['Dress Plus', 'Plus', 'Size']",[],Faye Long Sleeve Wrap Dress Plus. $193.95. $116.37. with code C3L3B. Cocomo Buckle Chain Print Popover - Plus - Front. cart. Add to Cart. Select Size.,https://dressbarn.com/collections/plus-size-womens-clothing
11,Women's Plus Size Clothing - Dresses and Tops - JCPenney,women Plus Size Clothing,"[""women's plus size clothes""]",[],"Shop women's plus size clothes at JCPenney! Browse an assortment of plus dresses, shirts, tops, jeans, and activewwear at great prices.",https://www.jcpenney.com/g/women/womens-plus-size?id=cat1009580001
12,Plus Size Clothing For Women - Nordstrom,women Plus Size Clothing,"[""Women's Plus Size Clothing""]",[],Women's Plus Size Clothing · Fits Everybody Square Neck Sleeveless Bodysuit (Regular & Plus Size) · Soft Lounge Long Sleeve Dress (Regular & Plus Size) · Boyfriend ...,https://www.nordstrom.com/browse/women/clothing/plus-size
13,Plus Size Affordable Fashion at Avenue.com | Shop Women's ...,women Plus Size Clothing,"['plus size dresses', 'plus size apparel']",[],View our range of affordable plus size dresses for every occasion. Avenue.com has all your plus size apparel and wide width footwear covered.,https://www.avenue.com/
14,"Woman Within: Comfortable, Casual Plus Size Clothing for ...",women Plus Size Clothing,"['Woman', 'plus size clothing', 'plus size women']",[],"Woman Within has plus size clothing in sizes 12w-44w. Colorful, comfortable basics at low prices for plus size women.",https://www.womanwithin.com/
15,Plus Size Clothing - Target,women Plus Size Clothing,"['Plus Size Clothing', ""Women's Plus Size""]",[],Shop Target for Plus Size Clothing you will love at great low prices. ... Women's Plus Size Short Sleeve V-Neck T-Shirt - Ava & Viv™ · Ava & Viv.,https://www.target.com/c/plus-size-clothing-women/-/N-5ouvj
16,Size Clothing for Women | Plus Size Fashion | boohoo USA,women Plus Size Clothing,"['plus size clothing', 'plus size dresses']",[],"Looking for on trend plus size clothing? Look no further. Shop boohoo USA 's curvy fashion to find plus size dresses, tops, pants and so much more.",https://us.boohoo.com/womens/plus-size-curve-clothing
17,Women's Plus Size Clothing - Dillard's,women Plus Size Clothing,"[""Women's Plus Size Clothing""]",[],Women's Plus Size Clothing · MarinaPlus Size Boat Neck Long Beaded Sleeve Elastic Cuff Back Slit Matte Jersey Gown · Calvin KleinPlus Size Round Neck 3/4 Bell ...,https://www.dillards.com/c/women-plus
18,Plus Size Women's Clothing - Cato Fashions,women Plus Size Clothing,"['dresses', 'plus size clothing']",[],"Our collection includes cropped pants, dresses, jackets, suits, skirts, shorts, blouses, athleisure, sleep, intimates, and more. Cato plus size clothing is ...",https://www.catofashions.com/plus-sizes
19,Chic Soul | Trendy Plus Size Clothing,women Plus Size Clothing,"['plus size clothing', 'women']",[],"Your one stop shop for boutique plus size clothing! Shop the latest trends for curvy, confident, chic women. Enjoy free shipping on orders over $100.",https://chicsoul.com/
20,Plus-Size Clothing For Women | Plus-Size Outfits | H&M US,women Plus Size Clothing,"['plus', ""size women's clothing"", 'clothes']",[],"Update your look with affordable plus-size women's clothing from H&M. Browse a wide selection of trendy clothes, from casual summer styles to work outfits.",https://www2.hm.com/en_us/women/products/plus-size.html
21,Women's Plus Size Clothing - Lands' End,women Plus Size Clothing,"[""women's plus-size clothing""]",[],"Upgrade your everyday wardrobe when you stock up on women's plus-size clothing from Lands' End. This collection features tops, bottoms, dresses, and more.",https://www.landsend.com/shop/womens-plus-size-clothing/S-xez-y5c-yp2-xec
22,"Plus Size Clothing, Dresses, Skirts, Suits, Tops, Jeans and ...",women Plus Size Clothing,"['plus size clothing', ""women's plus size"", 'clothes']",[],"Visit our online plus size clothing store featuring women's plus size fashion, clothes and accessories. Shop confidently.",https://www.eloquii.com/
23,Score Daily Deals on Plus Size Clothing | Zulily,women Plus Size Clothing,"[""Women's Plus Size Clothing""]",[],Women's Plus Size Clothing · Venus | Blue & Cream Stripe Open Cardigan - Women & Plus · only 4 left · Yummie | Medieval Blue Faux Leather Ankle Zip Leggings - ...,https://www.zulily.com/category/womens-plus
24,Women's Plus Size Clothing & Apparel | Coldwater Creek,women Plus Size Clothing,"[""women's plus size clothing""]",[],"Find women's plus size clothing that fits & flatters you best at Coldwater Creek. Shop a variety of styles, like our plus size tops, jeans and dresses.",https://www.coldwatercreek.com/womens-plus
25,Catherines: Affordable Plus Size Clothing & Fashion for Women,women Plus Size Clothing,"[""women's plus size"", 'plus size woman']",[],Catherines® is dedicated to providing the best in women's plus size fashion. Designed specifically for the plus size woman & guaranteed to fit you ...,https://www.catherines.com/
26,"City Chic: Women's Plus Size Clothing, Dresses, Lingerie ...",women Plus Size Clothing,"['plus size clothing', 'dresses']",[],"The home of the latest fashion in plus size clothing from City Chic! Shop fashion forward dresses, lingerie, jeans, tops, swimwear and so much more!",https://www.citychiconline.com/
27,Fashion To Figure | Plus Size Clothing and Fashion for ...,women Plus Size Clothing,"[""women's plus size clothing""]",[],"Fashion is a state of mind, not a size range. Shop Fashion to Figure for the latest looks in women's plus size clothing, dresses, tops, jeans and wide width ...",https://www.fashiontofigure.com/
28,"Plus Size Women's Clothing, sizes 14w-24w | C&B",women Plus Size Clothing,['Women sized clothing'],[],"Find the quality pieces you love at great prices! Shop Christopher and Banks online for Women sized clothing that is comfortable, stylish and best of all, ...",https://www.christopherandbanks.com/womens-plus-size-14w-24w/
29,Women's Plus Size Clothing & Trendy Outfits | T.J.Maxx,women Plus Size Clothing,"[""women's plus size clothing""]",[],"Check out women's plus size clothing at T.J.Maxx - the latest fashion trends include suits, dresses, coats & jackets, and more. Save big today!",https://tjmaxx.tjx.com/store/shop/womens-plus-size-clothing/_/N-3787371341
30,Plus Size Dresses for Women - Macy's,women Plus Size Clothing,"['Plus Size Dresses', 'dresses']",[],"FREE SHIPPING available on a huge assortment of Plus Size Dresses. Shop formal, cocktail, maxi and party dresses in a variety of sizes, styles, ...",https://www.macys.com/shop/plus-size-clothing/plus-size-dresses?id=37038
31,Plus Size Clothing for Women in Classic Styles | Appleseed's,women Plus Size Clothing,"['plus size clothing', 'women', 'plus size', 'dresses']",[],"Appleseed's' plus size clothing for women includes the latest in plus size tops, pants, dresses and outerwear. Get free shipping. Shop at Appleseed's!",https://www.appleseeds.com/search/womens-plus/
32,Women's Plus Size Clothing - thredUP,women Plus Size Clothing,"['plus size clothing', 'plus size dresses', 'plus size', 'plus size', 'clothes', 'plus size clothing']",[],"Find trendy plus size clothing, everything from plus size dresses to cute plus size tops to plus size workout clothes. New and used plus size clothing on ...",https://www.thredup.com/plus
33,Dia & Co: Plus Size Clothing and Personal Styling for Women,women Plus Size Clothing,"['plus size clothing', 'women']",[],Dia & Co personal styling and plus size clothing for women exclusively in sizes 10-32. No subscription required. Free shipping and returns at dia.com.,https://www.dia.com/
34,Plus-Size Clothing Sale - Nordstrom,women Plus Size Clothing,"[""women's plus sizes""]",[],Free shipping on women's plus sizes on sale at Nordstrom.com. Shop the best brands on sale at Nordstrom.com. Totally free shipping & returns.,https://www.nordstrom.com/browse/sale/women/plus-size
35,Best Plus Size Clothing 2022 - Forbes,women Plus Size Clothing,"['Plus', 'Size Clothing', 'Plus', 'Size']",[],"Where To Buy The Best Plus-Size Clothing, According To Fashion Influencers · Best Plus-Size Jeans: Good American · Best Mid-Size Jeans: Madewell ...",https://www.forbes.com/sites/forbes-personal-shopper/2022/09/09/best-plus-size-clothing/
36,Plus Size Clothing | Everyday Low Prices - Rainbow Shops,women Plus Size Clothing,['plus size womens clothing'],[],Rainbow Shops adds hundreds of trendy plus size womens clothing online every day. Why? Because we love all our curvy babes! We know you want to show off your ...,https://www.rainbowshops.com/collections/womens-plus-size-clothing
37,All Plus Size Clothing - Macy's,women Plus Size Clothing,"['Plus Sizes', 'Plus Size Clothing', 'Plus Size Clothing']",[],"Stores · Deals · Lists · Wedding Registry · Gift Cards · Plus Sizes /; All Plus Size Clothing. All Plus Size Clothing. (7,148). Shop by Category.",https://www.macys.com/shop/plus-size-clothing/all-plus-size-clothing?id=188853&cm_sp=us_hdr-_-women-_-188853_all-plus-size-clothing_COL2
38,Women's Plus Size Clothing | adidas US,women Plus Size Clothing,"['plus size clothing', 'women']",[],"Shop our selection of adidas plus size clothing for women. Check out various styles and colorways of hoodies, tights, tees and more ranging in sizes 1X to ...",https://www.adidas.com/us/women-plus_size
39,Plus Size Vintage Inspired Clothing for Women | ModCloth,women Plus Size Clothing,"['plus size clothing', 'dresses']",[],"Shop ModCloth's EXCLUSIVE collection of vintage-inspired plus size clothing in dresses, tops, bottoms, swimwear, and more! Our dazzling selection of plus ...",https://modcloth.com/collections/plus-sizes
40,Plus Size & Curve Clothing - Nasty Gal,women Plus Size Clothing,"['Plus Size', ""plus size women's clothing""]",[],"Plus Size. Enter our rad range of curve and plus size women's clothing; here to stock up that closet with flattering lengths, curve-carving silhouettes, stretch ...",https://www.nastygal.com/womens/plus-size
41,Women's Plus Size Clothing - Boscov's,women Plus Size Clothing,"[""women's plus-size clothing""]",[],Shop a massive selection of women's plus-size clothing at Boscov's. Find everything from dresses to pants & beyond all at the lowest prices.,https://www.boscovs.com/category/all-womens-plus-clothing
42,Plus Size Clothing for Women. Nike.com,women Plus Size Clothing,['Womens Plus Size Clothing'],[],Womens Plus Size Clothing · 1 Color. $107.97. $155. Nike Sportswear Therma-FIT Repel · Nike Sportswear Therma-FIT Repel Women's Jacket (Plus Size). Sustainable ...,https://www.nike.com/w/womens-plus-size-clothing-5e1x6z6ymx6z8mjm2
43,Dresses : Plus Size Clothing - Target,women Plus Size Clothing,"['Clothing', ""Women's Clothing"", 'Dresses', 'Plus Size Clothing']",[],"Target/Clothing, Shoes & Accessories/Women's Clothing/Dresses : Plus Size Clothing (1192)‎. How are you shopping today? Pickup.",https://www.target.com/c/plus-size-clothing-women/dresses/-/N-5ouvjZll4vb
44,Shirts : Plus Size Clothing - Target,women Plus Size Clothing,"['Plus Size Clothing', ""Women's Plus Size""]",[],Shop Target for Plus Size Clothing you will love at great low prices. ... Women's Plus Size Short Sleeve V-Neck T-Shirt - Ava & Viv™.,https://www.target.com/c/plus-size-clothing-women/shirts/-/N-5ouvjZipjkpfvet6b
45,"Roaman's: Plus Size Clothing, Fashion That Fits",women Plus Size Clothing,"['plus size clothing', 'clothing', ""women's""]",[],"Shop Roaman's for the best in plus size clothing, carrying stylish clothing in sizes 12W-44W, wide and extra wide width women's shoes sizes 7-12.",https://www.roamans.com/
46,Women's Plus Size Clothing & Trendy Outfits | Marshalls,women Plus Size Clothing,"[""women's plus size clothing""]",[],"Marshalls has the lastest in women's plus size clothing for way less. Shop suits, activewear, jackets, dresses & more in tons of styles & colors!",https://www.marshalls.com/us/store/shop/womens-plus-size/_/N-927105780
47,Plus Size Sale - Macy's,women Plus Size Clothing,['Plus Size'],[],Shop the Plus Size Sale Online at Macys.com for Great Deals on Designer Styles. FREE SHIPPING AVAILABLE!,https://www.macys.com/shop/plus-size-clothing/plus-size-sale-clearance?id=32913
48,Women's Plus Size Fashion | Yours Clothing,women Plus Size Clothing,"['Plus size clothing', 'Clothing', 'clothing']",[],"Plus size clothing & fashion from Yours Clothing; clothing, shoes & accessories in a wide range of sizes. Shop fantastic deals with tracked international ...",https://www.yoursclothing.com/
49,"Women's Plus Size Clothing - Dresses, Swimwear & More",women Plus Size Clothing,"[""women's plus size clothing""]",[],"Blair carries women's plus size clothing, including dresses, swimwear, shirts, pants and more. Get free shipping and great deals! Shop now.",https://www.blair.com/search/womens/plus-size/?pageNumber=3
50,Plus Size Dresses for Women | Nordstrom,women Plus Size Clothing,"[""Women's Plus Size Dresses""]",[],Women's Plus Size Dresses · Soft Lounge Long Sleeve Dress (Regular & Plus Size) · Soft Lounge Long Slipdress (Regular & Plus Size) · Flutter Sleeve Faux Wrap Midi ...,https://www.nordstrom.com/browse/women/clothing/plus-size/dresses
51,Women's Plus Size Clothing - Rue21,women Plus Size Clothing,"['plus size clothing', ""women's clothing""]",[],"Shop plus size clothing from rue21. With on-trend and classic looks, our tops, graphics, jeans and more offer size-inclusive women's clothing for every ...",https://www.rue21.com/store/plus/_/N-99f
52,"Ashley Stewart: Plus Size Clothing, Dresses, Tops, Jeans ...",women Plus Size Clothing,"['plus size', 'plus size dresses', 'plus size']",[],"Shop the latest in plus size fashion featuring trendy plus size dresses, jeans, tops, plus size designers, accessories, and more.",https://www.ashleystewart.com/
53,OneStopPlus: Women's Plus Size & Men's Big & Tall Clothing ...,women Plus Size Clothing,"['plus size clothing', ""plus size women's""]",[],"The best and largest selection of plus size clothing, sizes 12 to 44. Shop plus size women's, lingerie, swim, accessories, shoes & men's Big & Tall.",https://www.onestopplus.com/
54,Kiyonna Clothing: Plus Size Clothing for Women,women Plus Size Clothing,"[""plus size women's clothing"", 'dresses']",[],"Kiyonna.com specializes in trendy plus size women's clothing in sizes 10-32. From formal, casual, evening, special occasion and office chic dresses to ...",https://www.kiyonna.com/
55,Women's Plus Size Clothing - Old Navy,women Plus Size Clothing,['womens plus size clothing'],[],Check out the womens plus size clothing shop for great deals on fashionable styles. Old Navy is where fun and value meet fashion. Old Navy provides the ...,https://oldnavy.gap.com/shop/womens-plus-size-clothing
56,Unique Plus Size Clothing - Amazon.com,women Plus Size Clothing,"['size', 'Dress', ""Women's"", 'Dress']",[],RESULTS. Price and other details may vary based on product size and color. Dress the Population Women's Audrey Spaghetti Strap Midi A-line 3D Floral Dress.,https://www.amazon.com/Unique-Plus-Size-Clothing/s?k=Unique+Plus+Size+Clothing
57,Where Are the Plus Size Clothes for Women Over 60?,women Plus Size Clothing,"['plus size clothing', 'women']",[],Lane Bryant – the pioneer in plus size clothing in the USA. · Maurices – contemporary styling which appeals to older women. · Gwynie Bee – unique ...,https://sixtyandme.com/where-are-the-plus-size-clothes-for-women-over-60/
58,Old Navy Plus Size Clothing for Women for sale - eBay,women Plus Size Clothing,"['Plus Size Clothing', 'Women']",[],Get the best deals on Old Navy Plus Size Clothing for Women when you shop the largest online selection at eBay.com. Free shipping on many items | Browse ...,https://www.ebay.com/b/Old-Navy-Plus-Size-Clothing-for-Women/15724/bn_3987436
59,"Curvy Sense - Trendy, Affordable Plus Size Clothing for ...",women Plus Size Clothing,"['Plus Size', 'Dress', 'Plus Size', 'Dress', 'Plus Size']",[],PARTY SHOP · Plus Size Brisa Printed Tulip Hem Dress - Gold · Plus Size Rosie Garden Mesh Bodycon Dress - Black · Plus Size Keilani Satin Collar Jumpsuit - Black.,https://curvysense.com/
60,Women's Plus Size Clothing | REI Co-op,women Plus Size Clothing,"[""Women's Plus Size Clothing""]",[],Shop for Women's Plus Size Clothing at REI Outlet - FREE SHIPPING With $50 minimum purchase. Curbside Pickup Available NOW! 100% Satisfaction Guarantee.,https://www.rei.com/rei-garage/s/womens-plus-size-clothing
61,Plus Size Clothing for Women - Costco Wholesale,women Plus Size Clothing,"['Plus Size Clothing', 'Women']",[],Plus Size Clothing for Women ; Spyder Ladies' Tight with Pockets · Side Pockets ; Mondetta Ladies' Lightweight Printed Top · GRS Certified Recycled Fabric ...,https://www.costco.com/womens-clothing.html?womens-size=x-large-average&additional-sizes=plus-size&refine=ads_f22001_ntk_cs%253A%2522Plus%2BSize%2522%7C
62,Pants : Plus Size Clothing - Target,women Plus Size Clothing,"['Clothing', ""Women's Clothing"", 'Plus Size Clothing']",[],"Target/Clothing, Shoes & Accessories/Women's Clothing/Pants : Plus Size Clothing (858)‎. How are you shopping today? Pickup. In-store pickup, ready within 2 ...",https://www.target.com/c/plus-size-clothing-women/pants/-/N-5ouvjZipjkpfqe4v8
63,Women's Plus Size Clothing - Kohl's,women Plus Size Clothing,"[""women's"", 'dresses', ""Women's""]",[],"Bold women's jeans, patterned blouses, and sleek dresses add variety to your wardrobe. Rest assured, you'll find the latest styles and trends at Kohl's! Women's ...",https://m.kohls.com/catalog/womens-plus-clothing.jsp?CN=Gender:Womens+SizeRange:Plus+Department:Clothing&cc=plus-TN2.0-S-womensplus
64,Caslon® Plus Size Clothing For Women - Nordstrom,women Plus Size Clothing,"[""Women's"", 'Plus Size Clothing', ""Women's"", 'Plus Size', 'Plus Size']",[],Women's Caslon® Plus Size Clothing · Women's Funnel Neck Sweater (Plus Size) · Shirred Popover Top (Plus Size) · Stretch Cotton Chino Pants · Drawstring Linen ...,https://www.nordstrom.com/browse/women/clothing/plus-size?filterByBrand=caslon
65,Women's Curvy & Plus Size Clothing | You + All | Online Store,women Plus Size Clothing,"['plus size', 'clothing', 'plus size dresses']",[],"You + All is your number one destination for plus size and curvy clothing and accessories. From plus size dresses, skirts, tops, denim, pants and more, ...",https://youandallfashion.com/
66,The best plus-size women's clothing of 2022: 32 trendy brands,women Plus Size Clothing,"['plus', ""size women's clothing""]",[],The 32 brands making the best plus-size women's clothing of 2022 · 1. Amazon · 2. Abercrombie · 3. Anthropologie · 4. ASOS Curve · 5. Bandier · 6.,https://nypost.com/article/best-plus-size-womens-clothing-brands/
67,Spring Plus Size Clothing - Anthropologie,women Plus Size Clothing,"['plus size clothing', 'women']",[],Say hello to APlus by Anthropologie – our first-ever collection of plus size clothing for women. From essential tees and jeans to statement-making ...,https://www.anthropologie.com/new-plus-size-clothing
68,Plus-Size Clothing for Young Adult Women - Nordstrom,women Plus Size Clothing,"['Plus', 'Size Clothing', 'Women', 'Plus Size']",[],Plus-Size Clothing for Young Adult Women · Curve Oversize Mesh Button-Up Shirt (Plus Size) · Solid Cotton Crewneck T-Shirt · Raw Hem Crop Straight Leg Jeans ( ...,https://www.nordstrom.com/browse/young-adult/women-clothing/plus-size
69,ELOQUII Plus Size Clothing For Women - Nordstrom,women Plus Size Clothing,"[""Women's"", 'Plus Size Clothing']",[],Free shipping and returns on Women's ELOQUII Plus Size Clothing at Nordstrom.com.,https://www.nordstrom.com/browse/women/clothing/plus-size?filterByBrand=eloquii
70,All Plus Size Clothing - Macy's,women Plus Size Clothing,"['Plus Size', 'Plus Size']",[],"Shop by Category · Plus Size Track Jacket, Trefoil Logo T-Shirt & Track Pants · Plus Size Cardigan Sweater, Printed Top & Slim-Leg Pants, Created for Macy's · Plus ...",https://www.macys.com/shop/plus-size-clothing/all-plus-size-clothing?id=188853
71,Ava & Viv : Plus Size Clothing - Target,women Plus Size Clothing,"['Clothing', ""Women's Clothing"", 'Plus Size Clothing']",[],"Target/Clothing, Shoes & Accessories/Women's Clothing/Ava & Viv : Plus Size Clothing (83)‎. How are you shopping today? Pickup.",https://www.target.com/c/plus-size-clothing-women/ava-viv/-/N-5ouvjZo267d
1,Guide to Buying Clothes for Plus Size Women | Lands' End,women Plus Size Clothing,['Dress'],[],"Start With the Essentials · A Good Pair of Jeans · A Statement Dress · A Crisp, White Button Up · A Tunic Top.",https://www.landsend.com/article/buying-guide-for-plus-sized-women/
2,Women's Plus Size Clothing & Accessories - Plus + Curve,women Plus Size Clothing,"['plus size', 'dresses']",[],"Shop FOREVER 21's plus size sale and find great prices on the hottest trends. Find figure-flattering dresses, tops, swimwear, bottoms, and more.",https://www.forever21.com/us/shop/catalog/category/plus/plus_size-sale
3,"New Arrival Plus Size Clothing for Women: Tops, Pants & More",women Plus Size Clothing,"['women', 'plus size clothing']",[],"At maurices we ensure all women can find shirts, pants, and more that they love and feel confident in. That is why we keep a wide variety of plus size clothing ...",https://www.maurices.com/p/new-arrivals/plus-/N-10599
4,Sexy Plus Size Clothing - Torrid,women Plus Size Clothing,"['plus size clothing', 'clothing', 'women']",[],"Our plus size clothing is designed to do just that, all the way from size 10 to size 30. All our clothing is tested for fit, comfort and style on real women, ...",https://www.torrid.com/clothing/
5,Plus-Size Clothing Sale - Nordstrom,women Plus Size Clothing,"[""women's plus sizes""]",[],Free shipping on women's plus sizes on sale at Nordstrom.com. Shop the best brands on sale at Nordstrom.com. Totally free shipping & returns.,https://www.nordstrom.com/browse/sale/women/plus-size
6,SALE | Women's Plus-Size Clothing | Shop Online | H&M US,women Plus Size Clothing,"['plus', 'size clothing', 'women']",[],Shop plus-size clothing for women online at outstanding prices. Don't miss out on the H&M sale - find the best deals in-store or online.,https://www2.hm.com/en_us/sale/women/plus-sizes.html
7,Size Clothing & Plus Size Fashion for Women - Belk,women Plus Size Clothing,"['plus size', 'dresses', 'plus size clothing']",[],"Discover stylish plus size fashion at Belk. Find cute dresses, jeans and more plus size clothing in sizes from 0X-4X and 12W-24W.",https://www.belk.com/women/plus-size-clothing/?pmid=BelkClearancePricing
8,New Arrivals: Women's Plus Size Clothing - Belk,women Plus Size Clothing,"['plus size clothing', 'plus size']",[],Keep up with the latest trends with new plus size clothing at Belk. These plus size new arrivals will be the perfect addition to your closet!,https://www.belk.com/women/plus-size-clothing/new-arrivals/
9,Womens Plus in Clothing - Walmart.com,women Plus Size Clothing,"['Plus Size', 'Women', 'Clothes', 'Clothing']",[],SHOWMALL Plus Size Tops for Women Tunic Clothes Short Sleeve Black Blouse 3X Summer Swing Tee Crewneck Clothing Flowy Shirt for Leggings.,https://www.walmart.com/browse/womens-plus/5438_133195
10,Women's Plus Size Clothing - Kohl's,women Plus Size Clothing,"[""women's"", 'dresses', ""Women's""]",[],"Bold women's jeans, patterned blouses, and sleek dresses add variety to your wardrobe. Rest assured, you'll find the latest styles and trends at Kohl's! Women's ...",https://www.kohls.com/catalog/womens-plus-clothing.jsp?CN=Gender:Womens+SizeRange:Plus+Department:Clothing
11,Dresses : Plus Size Clothing - Target,women Plus Size Clothing,"['Clothing', ""Women's Clothing"", 'Dresses', 'Plus Size Clothing']",[],"Target/Clothing, Shoes & Accessories/Women's Clothing/Dresses : Plus Size Clothing (1192)‎. How are you shopping today? Pickup.",https://www.target.com/c/plus-size-clothing-women/dresses/-/N-5ouvjZll4vb
12,Shirts : Plus Size Clothing - Target,women Plus Size Clothing,"['Plus Size Clothing', ""Women's Plus Size""]",[],Shop Target for Plus Size Clothing you will love at great low prices. ... Women's Plus Size Short Sleeve V-Neck T-Shirt - Ava & Viv™.,https://www.target.com/c/plus-size-clothing-women/shirts/-/N-5ouvjZipjkpfvet6b
13,Women's Plus Size New in Clothing - ASOS,women Plus Size Clothing,"[""Women's Plus size"", 'dress']",[],Women's Plus size: New in · ASOS DESIGN Curve v neck batwing chiffon maxi dress with embroidery detail in pine green · ASOS DESIGN Curve choker necklace with faux ...,https://www.asos.com/us/women/curve-plus-size/new-in/cat/?cid=9578
14,Plus Size Dresses for Women | Nordstrom,women Plus Size Clothing,"[""Women's Plus Size Dresses""]",[],Women's Plus Size Dresses · Soft Lounge Long Sleeve Dress (Regular & Plus Size) · Soft Lounge Long Slipdress (Regular & Plus Size) · Flutter Sleeve Faux Wrap Midi ...,https://www.nordstrom.com/browse/women/clothing/plus-size/dresses
15,"City Chic: Women's Plus Size Clothing, Dresses, Lingerie ...",women Plus Size Clothing,"['plus size clothing', 'dresses']",[],"The home of the latest fashion in plus size clothing from City Chic! Shop fashion forward dresses, lingerie, jeans, tops, swimwear and so much more!",https://www.citychiconline.com/
16,Clearance: Women's Plus Clothing - Belk,women Plus Size Clothing,"[""Women's"", 'Clothing', 'Plus Size']",[],Clearance: Interested in Women's Plus Clothing? Shop Belk.com or instore & take advantage of ... Wonderly Plus Size Short Sleeve Resort Button Down Shirt.,https://www.belk.com/shop-by-brand/belk-exclusives/wonderly/womens-plus-clothing/?pmid=BelkClearancePricing
17,Women's plus size clothing | Zulily,women Plus Size Clothing,['plus size clothing'],[],boutique finds. great savings. new every day. women&#39;s plus size clothing. up to 70% off ...,https://www.zulily.com/womens-plus-size-clothing
18,I.N. Studio Women's Plus Size Clothing - Dillard's,women Plus Size Clothing,"['woman', 'sizes', 'Plus']",[],"I.N. Studio features flattering, sophisticated style for any woman. Discover a variety of silhouettes, prints, and sizes including Misses, Plus, and Petite.",https://www.dillards.com/brand/I.N.+Studio/women-plus
19,Sale & Clearance Women's Plus Size Clothing | Dillard's,women Plus Size Clothing,"[""Women's Plus Size Clothing""]",[],Sale & Clearance : Women's Plus Size Clothing · Calvin KleinPlus Size Round Neck 3/4 Bell Sleeve Sheath Dress · InvestmentsPlus Size the 5TH AVE fit Straight Leg ...,https://www.dillards.com/c/sale-clearance/women-plus
20,dillards exclusive women: Women's Plus Size Clothing,women Plus Size Clothing,"[""Women's Plus Size Clothing""]",[],dillards exclusive women : Women's Plus Size Clothing · InvestmentsPlus Size Signature Ponte Long Sleeve Open Front Blazer & Ponte Ankle Pull-On Pants.,https://www.dillards.com/search-term/dillards+exclusive+women/women-plus
21,Ava & Viv : Plus Size Clothing - Target,women Plus Size Clothing,"['Clothing', ""Women's Clothing"", 'Plus Size Clothing']",[],"Target/Clothing, Shoes & Accessories/Women's Clothing/Ava & Viv : Plus Size Clothing (83)‎. How are you shopping today? Pickup.",https://www.target.com/c/plus-size-clothing-women/ava-viv/-/N-5ouvjZo267d
22,Plus Size Sale Clothing | Avenue.com,women Plus Size Clothing,"[""women's plus size"", 'clothing']",[],"Score a deal in our wide selection of women's plus size clearance clothing, shoes and accessories. Explore our full sale range while stocks last at ...",https://www.avenue.com/plus-size-sale
23,Women's plus everyday savings(1000+) - Walmart.com,women Plus Size Clothing,"['clothing', 'womens womens clothing womens', ""Women's Plus Size""]",[],Shop for deals clothing and accessories womens womens clothing womens plus at Walmart and save. ... Terra & Sky Women's Plus Size High Waist Leggings.,https://www.walmart.com/shop/deals/clothing-and-accessories/womens/womens-clothing/womens-plus
24,New In Plus Size Clothing - Boohoo,women Plus Size Clothing,"['plus size clothing', 'dresses']",[],"Stay fashion-forward with boohoo USA's new in plus size clothing filled with all the trending pieces you need. Find curve dresses, tops and more for all ...",https://us.boohoo.com/womens/plus-size-curve-clothing/new-in
25,Women's Plus Size Clothes - REDTAG,women Plus Size Clothing,"[""Women's Plus Size Clothing"", ""Women's Plus Size Clothing""]",[],"Women's Plus Size Clothing - Shop from the wide range of Women's Plus Size Clothing online in KSA. Choose from dresses, jackets, jeggings, leggings & more ...",https://sa.redtagfashion.com/collections/womens-plus-size-collection
26,Women's Plus Size Clothing - Duluth Trading Company,women Plus Size Clothing,"[""Women's Plus Size Clothing""]",[],Shop Women's Plus Size Clothing in new styles in sizes up to 3X and 26W at Duluth Trading Company. Ingenious products backed by our No Bull Guarantee.,https://www.duluthtrading.com/women/plus/
27,Plus Size Women's Clothing - Talbots,women Plus Size Clothing,"[""plus size women's clothing"", 'plus size clothing', 'women']",[],"Find a great selection of plus size women's clothing at Talbots! Shop your favorite styles in our collection of plus size clothing for women, ...",https://www.talbots.com/plus
28,Women Plus-Size New Arrivals | Nordstrom,women Plus Size Clothing,"['Women Plus', 'Size', 'Dress', 'Plus Size']",[],Free shipping and returns on Women Plus-Size New Arrivals at Nordstrom.com. ... Pleated Belted Long Sleeve A-Line Midi Dress (Plus Size). Previous.,https://www.nordstrom.com/browse/women/clothing/plus-size/new?filterByGenderAge=women
29,Plus-Size Clothing for Young Adult Women - Nordstrom,women Plus Size Clothing,"['Plus', 'Size Clothing', 'Women', 'Plus Size']",[],Plus-Size Clothing for Young Adult Women · Curve Oversize Mesh Button-Up Shirt (Plus Size) · Solid Cotton Crewneck T-Shirt · Raw Hem Crop Straight Leg Jeans ( ...,https://www.nordstrom.com/browse/young-adult/women-clothing/plus-size
30,Plus-Size Clothing Sale| Womenswear - ASOS,women Plus Size Clothing,"[""Women's Plus"", 'Size', 'dress']",[],Women's Plus-Size Sale · Brave Soul Plus hooded Christmas elf dress · ASOS DESIGN Curve rubberized trench coat in dark olive · ASOS DESIGN Curve sweater with smile ...,https://www.asos.com/us/women/sale/curve-plus-size/cat/?cid=10528
31,Page 2 - Women's Plus-Size | Plus Size Clothing & Dresses,women Plus Size Clothing,"[""women's plus size clothing""]",[],Page 2 - Shop for women's plus size clothing with ASOS. Discover plus size fashion and shop ASOS Curve for the latest styles for curvy women.,https://www.asos.com/us/women/curve-plus-size/cat/?cid=9577&page=2
32,Plus Size Women's Clothing | Affordable Fashion for Plus Sizes,women Plus Size Clothing,"['Plus Size Woman', ""Plus Size Women's Clothing""]",[],"... Figure-Flattering Fashions for the Stylish Plus Size Woman. Shop Cato Fashions for On-Trend Plus Size Women's Clothing at Affordable Prices, in sizes ...",https://www.catofashions.com/plus-sizes/browse/clearance/yes
33,Clearance : Plus Size Clothing - Target,women Plus Size Clothing,"['Clothing', ""Women's Clothing"", 'Plus Size Clothing']",[],"Target/Clothing, Shoes & Accessories/Women's Clothing/Clearance : Plus Size Clothing (343)‎. How are you shopping today? Pickup.",https://www.target.com/c/plus-size-clothing-women/clearance/-/N-5ouvjZ5tdv1
34,Women's Plus Size Clothing | REI Co-op,women Plus Size Clothing,"[""Women's Plus Size Clothing""]",[],Shop for Women's Plus Size Clothing at REI - FREE SHIPPING With $50 minimum purchase. Curbside Pickup Available NOW! 100% Satisfaction Guarantee.,https://www.rei.com/s/womens-plus-size-clothing
35,Plus Size Clothing for Women - Costco Wholesale,women Plus Size Clothing,"['Plus Size Clothing', 'Women']",[],Plus Size Clothing for Women ; Spyder Ladies' Tight with Pockets · Side Pockets ; Mondetta Ladies' Lightweight Printed Top · GRS Certified Recycled Fabric ...,https://www.costco.com/womens-clothing.html?additional-sizes=plus-size&refine=%7C%7CAdditional_Sizes_attr-Plus%2BSize
36,Plus Size Clothing - Women - Columbia Sportswear,women Plus Size Clothing,"[""Women's Plus Size clothing""]",[],Winter Sale starts now! Get outdoors with Columbia Sportswear Women's Plus Size clothing and apparel.,https://www.columbia.com/c/womens-plus-size-clothing/
37,Women Clothing Plus Size - Etsy,women Plus Size Clothing,"['women clothing plus size', 'dresses']",[],"Check out our women clothing plus size selection for the very best in unique or custom, handmade pieces from our dresses shops.",https://www.etsy.com/market/women_clothing_plus_size?explicit=1&ref=guided_search_2&guided_search=1
38,Trendy Plus Size Clothing - Macy's,women Plus Size Clothing,"['plus size clothing', 'plus size dresses']",[],"Shop the latest trendy plus size clothing at Macy's. Check out our collection of stylish & chic trendy plus size dresses, jeans, blouses from top brands ...",https://www.macys.com/shop/plus-size-clothing/trendy-plus-size-clothing?id=32918
39,Women's Plus Size Clothing - 6PM,women Plus Size Clothing,"[""Women's Plus Size Clothing""]",[],"Discounted shoes, clothing, accessories and more at 6pm.com! Score on the Style, Score on the Price. ... Women's Plus Size Clothing. 1539 items found.",https://www.6pm.com/women-clothing/CKvXAToCuRPAAQHiAgMBGAc.zso
40,Plus Size Clothing For Women - Amazon.com,women Plus Size Clothing,"[""Women's"", 'Plus Size', 'Women', 'Women Plus Size']",[],Amazon Essentials Women's Relaxed-Fit Short-Sleeve V-Neck Tunic (Available in · HLTPRO 3 Pack Plus Size Leggings for Women(X-Large - 4X)- · Women Plus Size 2 ...,https://www.amazon.com/plus-size-clothing-women/s?k=plus+size+clothing+for+women
41,"Rainbow: Womens, Plus Size and Kids | Everyday Low Prices",women Plus Size Clothing,"['clothing', 'women', 'plus size']",[],"Everyday low prices on clothing, shoes and accessories for women, plus size and kids. Free shipping and free returns to our 1000+ stores.",https://www.rainbowshops.com/
42,Women's Plus Size Clothing - thredUP,women Plus Size Clothing,"['plus size clothing', 'plus size dresses', 'plus size', 'plus size', 'clothes', 'plus size clothing']",[],"Find trendy plus size clothing, everything from plus size dresses to cute plus size tops to plus size workout clothes. New and used plus size clothing on ...",https://www.thredup.com/plus?page=2
43,Pants : Plus Size Clothing - Target,women Plus Size Clothing,"['Clothing', ""Women's Clothing"", 'Plus Size Clothing']",[],"Target/Clothing, Shoes & Accessories/Women's Clothing/Pants : Plus Size Clothing (858)‎. How are you shopping today? Pickup. In-store pickup, ready within 2 ...",https://www.target.com/c/plus-size-clothing-women/pants/-/N-5ouvjZipjkpfqe4v8
44,Women's Plus Clothing (234) - Belk,women Plus Size Clothing,"[""Women's"", 'Clothing', 'Plus Size', 'Plus Size', 'Plus Size']",[],Women's Plus Clothing (234) · Wonderly Plus Size Long Blouson Sleeve Tunic Henley Shirt · Wonderly Plus Size Rib Velour Pajama Set · Wonderly Plus Size Pull On ...,https://www.belk.com/shop-by-brand/belk-exclusives/wonderly/womens-plus-clothing/
45,Women's Plus Size Clothing | Plus Dresses and Tops,women Plus Size Clothing,"[""women's plus size clothes""]",[],"Shop women's plus size clothes at JCPenney! Browse an assortment of plus dresses, shirts, tops, jeans, and activewwear at great prices.",https://www.jcpenney.com/g/women/womens-plus-size?id=cat1009580001&page=7
46,Clearance Plus Size Clothing for Women | Nordstrom Rack,women Plus Size Clothing,"['Plus Size Clothing', 'Women', 'Plus Size']",[],"Clearance Plus Size Clothing for Women · Impulse Racerback Sport Bralette · Recharge Underwire Sports Bra (Regular & Plus Size, A-DDD Cups) · Open Front Cardigan.",https://www.nordstromrack.com/clearance/Women/Clothing/Plus-Size
47,Old Navy Plus Size Clothing for Women for sale - eBay,women Plus Size Clothing,"['Plus Size Clothing', 'Women']",[],Get the best deals on Old Navy Plus Size Clothing for Women when you shop the largest online selection at eBay.com. Free shipping on many items | Browse ...,https://www.ebay.com/b/Old-Navy-Plus-Size-Clothing-for-Women/15724/bn_3987436
48,Women's Plus Size Clothes at Neiman Marcus,women Plus Size Clothing,"[""women's plus-size clothes""]",[],"Get free shipping & returns on women's plus-size clothes, including dresses, jackets & more versatile styles at Neiman Marcus.",https://www.neimanmarcus.com/c/womens-clothing-extended-sizes-plus-cat000116
49,Women's Plus Size Clothes - Amazon.com,women Plus Size Clothing,"['Womens Plus Size', 'Plus Size', 'Women', 'Womens']",[],Eytino Womens Plus Size Tops Lace Short Long Sleeve V/Crew Neck Casual Loose Blouses · HLTPRO 3 Pack Plus Size Leggings for Women(X-Large - 4X)- · ROSRISS Womens ...,https://www.amazon.com/Womens-Plus-Size-Clothes/s?k=Women%27s+Plus+Size+Clothes
50,Plus Size Clothing & Dresses - Women - ASOS,women Plus Size Clothing,"[""women's plus size clothing""]",[],Page 3 - Shop for women's plus size clothing with ASOS. Discover plus size fashion and shop ASOS Curve for the latest styles for curvy women.,https://www.asos.com/us/women/curve-plus-size/cat/?cid=9577&page=3
51,21 Best Places To Buy Trendy Plus-Size Clothing 2022,women Plus Size Clothing,"['sizes', ""women's sizing""]",[],Note: all sizes are in women's sizing unless otherwise noted. 1. Asos has among the best prices on this ...,https://www.buzzfeed.com/allisonjiang/trendy-plus-size-clothing
52,Cheap Plus Size Clothes for Women | PrettyLittleThing USA,women Plus Size Clothing,"[""women's plus size"", 'plus size clothing']",[],"Look gorj and go guilt free with our women's plus size sale collection. From off-duty essentials to statement pieces, shop cheap plus size clothing at PLT ...",https://www.prettylittlething.us/sale/plus-size.html
53,woman classic: Women's Plus Size Clothing | Dillard's,women Plus Size Clothing,"[""Women's Plus Size Clothing""]",[],woman classic : Women's Plus Size Clothing · Calvin KleinPlus Size Classic Fit Straight Leg Pants · InvestmentsSlim Factor by Investments Plus Size Ponte Knit ...,https://www.dillards.com/search-term/woman+classic/women-plus
54,Cotton : Plus Size Clothing - Target,women Plus Size Clothing,"['Clothing', ""Women's Clothing"", 'Plus Size Clothing']",[],"Target/Clothing, Shoes & Accessories/Women's Clothing/Cotton : Plus Size Clothing (2114)‎. How are you shopping today? Pickup. In-store pickup, ready within ...",https://www.target.com/c/plus-size-clothing-women/cotton/-/N-5ouvjZ5y75e
55,Sale : Plus Size Clothing - Target,women Plus Size Clothing,"['Clothing', ""Women's Clothing"", 'Plus Size Clothing']",[],"Target/Clothing, Shoes & Accessories/Women's Clothing/Sale : Plus Size Clothing (5514)‎. How are you shopping today? Pickup. In-store pickup, ready within 2 ...",https://www.target.com/c/plus-size-clothing-women/sale/-/N-5ouvjZ5tdv0
56,Plus Size Clothing - Belk,women Plus Size Clothing,"['Plus Size Clothing', ""Women's"", 'Plus Size', 'Plus Size']",[],Plus Size Clothing (62) · Columbia Women's Copper Crest™ Hooded Jacket · Columbia Plus Size Fire Side Sherpa Jacket · Columbia Plus Size Benton Springs Fleece Full ...,https://www.belk.com/outdoor-shop/women/plus-size-clothing/
57,Plus Size Dresses (1376) - Women - Belk,women Plus Size Clothing,"['Plus Size Dresses', 'Dress', 'Plus Size', 'Dress']",[],Plus Size Dresses (1376) · R&M Richards Shift Dress and Soft Jacket · Perceptions Plus Size 3/4 Sleeve Ruched Waist Floral Printed Midi Dress · Crown & Ivy™ Plus ...,https://www.belk.com/women/plus-size-clothing/dresses/
58,Women's Designer Plus Size Clothing | Saks Fifth Avenue,women Plus Size Clothing,"['plus', 'size clothing', 'Plus']",[],"Shop designer plus & extended size clothing at Saks Fifth Avenue. Plus, get free shipping and returns on every order.",https://www.saksfifthavenue.com/c/women-s-apparel/extended-plus-size-clothing
59,Plus Size Women's Clothing - Burkes Outlet,women Plus Size Clothing,"[""women's plus size clothing""]",[],Shop for women's plus size clothing at Burkes Outlet & Bealls Outlet for plus size fashion styles at unbelievable prices you'll love! Shop the latest plus ...,https://www.burkesoutlet.com/shop/plus-size/
60,Target Brands : Plus Size Clothing,women Plus Size Clothing,"['Plus Size Clothing', ""Women's Plus Size""]",[],Shop Target for Plus Size Clothing you will love at great low prices. ... Women's Plus Size Short Sleeve V-Neck T-Shirt - Ava & Viv™.,https://www.target.com/c/plus-size-clothing-women/target-brands/-/N-5ouvjZxmf9o
61,Women's Clothing For Summer Plus Size - Amazon.com,women Plus Size Clothing,"[""Women's"", 'Women', 'Dresses', 'Dress', 'Women']",[],Arolina Women's Stretchy Wide Leg Palazzo Lounge · DB MOON Women Summer Casual Short Sleeve Dresses Empire Waist Dress with Pockets · YESNO Women Casual Loose ...,https://www.amazon.com/Womens-Clothing-Summer-Plus-Size/s?k=Women%27s+Clothing+for+Summer+Plus+Size
62,Women's Plus Size Business Clothing - Amazon.com,women Plus Size Clothing,"[""Women's Plus Size"", ""Women's"", ""Women's Plus Size""]",[],Women's Plus Size Pleated Mock Neck Puff Sleeve Work Office Blouse Tops · Women's Blake Long Blazer · Women's Plus Size Flex Motion Regular Fit Trouser Pant.,https://www.amazon.com/Womens-Plus-Size-Business-Clothing/s?k=Women%27s+Plus+Size+Business+Clothing
63,Plus Size Women's Clothing | Affordable Fashion for Plus Sizes,women Plus Size Clothing,"['Plus Size Woman', 'Plus Size']",[],"Give Your Every Day Look Confidence with Curvy, Figure-Flattering Fashions for the Stylish Plus Size Woman. Shop Cato Fashions for On-Trend Plus Size ...",https://www.catofashions.com/plus-sizes/browse/page/6
64,Plus Size Women's Clothing | Affordable Fashion for Plus Sizes,women Plus Size Clothing,"['Plus Size Woman', ""Plus Size Women's Clothing""]",[],"... Figure-Flattering Fashions for the Stylish Plus Size Woman. Shop Cato Fashions for On-Trend Plus Size Women's Clothing at Affordable Prices, in sizes 16-28.",https://www.catofashions.com/plus-sizes/browse/size/26w/view/all/orderby/bestselling
65,City Chic Plus Size Clothing For Women | Nordstrom,women Plus Size Clothing,"[""Women's"", 'Plus Size Clothing', 'Plus Size', 'Dress', 'Plus Size', 'Dress', 'Plus Size']",[],Women's City Chic Plus Size Clothing · Zip Fling Top (Plus Size) · Cute Girl Fit & Flare Dress (Plus Size) · Ripple Love Off the Shoulder Maxi Dress (Plus Size).,https://www.nordstrom.com/browse/women/clothing/plus-size?filterByBrand=city-chic
66,Plus Size Apparel for Women from Sears - Clothing,women Plus Size Clothing,"['plus size clothing', 'women']",[],"Flaunt your trendy fashion sense with plus size clothing fo women from Sears. Right from tees, jeans, activewear to swimwear, we have a complete collection ...",https://www.sears.com/clothing-women-s-clothing-plus-size-clothing/b-5007102
67,Women's Plus Size Clothing | Clothing at L.L.Bean,women Plus Size Clothing,"[""Women's plus size clothing""]",[],Free Shipping with $50 purchase at L.L.Bean. L.L.Bean has flattering Women's plus size clothing in timeless styles for every season.,https://www.llbean.com/llb/shop/617?page=womens-plus-size-clothing
68,Plus Size Clothing - Amazon.com,women Plus Size Clothing,"[""Women's"", 'Dress', 'Plus Size', 'Women', ""Women's""]",[],Amazon Essentials Women's Surplice Dress · HLTPRO 3 Pack Plus Size Leggings for Women(X-Large - 4X)- · Amazon Essentials Women's French Terry Fleece Jogger ...,https://www.amazon.com/plus-size-clothing/s?k=plus+size+clothing
69,Women's Plus Size Clothing - Amazon.com,women Plus Size Clothing,"[""Women's Plus Size Clothing""]",[],Online shopping from a great selection at Women's Plus Size Clothing Store.,https://www.amazon.com/s?rh=n%3A23539837011&language=en_US&brr=1&rd=1
70,Find Women's Plus Size Clothing Stores Near You,women Plus Size Clothing,"['plus size clothing', 'plus size dresses']",[],"Find the Lane Bryant plus size clothing store location near you. Shop plus size dresses, jeans, tops & the best-fitting Cacique bras and swimwear.",https://stores.lanebryant.com/search
71,Plus Size Women's Clothing | Affordable Fashion for Plus Sizes,women Plus Size Clothing,"['dresses', 'plus size clothing']",[],"Our collection includes cropped pants, dresses, jackets, suits, skirts, shorts, blouses, athleisure, sleep, intimates, and more. Cato plus size clothing is ...",https://www.catofashions.com/plus-sizes/browse/page/3
72,Plus Size Clearance - Woman Within,women Plus Size Clothing,"['plus size', 'Woman']",[],"Looking for the best deals? Shop from our variety of plus size fashion from Woman Within, and enjoy great styles at unbeatable prices!",https://www.womanwithin.com/w/clearance/
73,"Roaman's: Plus Size Clothing, Fashion That Fits",women Plus Size Clothing,"['plus size clothing', 'clothing', ""women's""]",[],"Shop Roaman's for the best in plus size clothing, carrying stylish clothing in sizes 12W-44W, wide and extra wide width women's shoes sizes 7-12.",https://www.roamans.com/
74,100% Cotton Plus Size Clothing For Women - Nordstrom,women Plus Size Clothing,"[""Women's"", 'Plus Size Clothing', 'Plus Size', 'Plus Size']",[],Women's 100% Cotton Plus Size Clothing · Solid Cotton Crewneck T-Shirt · Icicle Stand Collar Jacket (Plus Size) · Stripe Button-Up Shirt (Plus Size) · Unisex Cotton ...,https://www.nordstrom.com/browse/women/clothing/plus-size?filterByMaterial=100-cotton
75,Plus Size Clothing and Curvy Fashion for Women Ulla Popken,women Plus Size Clothing,"['plus size clothing', 'women']",[],"Discover stylish plus size clothing for women online ♥ Ulla Popken ♥ ⇾ Fashion for everyday life, festivities, sports & more!",https://www.ullapopken.com/en/
76,Caslon® Plus Size Clothing For Women - Nordstrom,women Plus Size Clothing,"[""Women's"", 'Plus Size Clothing', ""Women's"", 'Plus Size', 'Plus Size']",[],Women's Caslon® Plus Size Clothing · Women's Funnel Neck Sweater (Plus Size) · Shirred Popover Top (Plus Size) · Stretch Cotton Chino Pants · Drawstring Linen ...,https://www.nordstrom.com/browse/women/clothing/plus-size?filterByBrand=caslon
77,Women's Plus Size Clothing & Fashion | Johnny Was,women Plus Size Clothing,"['plus', ""size women's clothing"", 'plus', 'size', 'dresses']",[],"Shop stylish plus-size women's clothing at Johnny Was! We have the latest in plus-size fashion, including dresses, tops & swimwear.",https://www.johnnywas.com/clothing/plus-size.html
78,Plus Size Women's Clothing & Apparel - HSN,women Plus Size Clothing,"[""plus size women's clothing"", ""plus size women's clothes""]",[],Find a fashionable and flattering look that fits your frame with plus size women's clothing from HSN. Browse inspired plus size women's clothes today.,https://www.hsn.com/shop/plus-size-womens-clothing/fa0153-11115
79,Cheap Plus-Size Clothing for Women | ASOS Outlet,women Plus Size Clothing,"['plus', 'size clothing', 'women', 'plus', 'size clothing']",[],Discover cheap plus-size clothing for women at ASOS Outlet. Shop the latest collection of curve & plus-size clothing at cheap prices.,https://www.asos.com/us/women/outlet/plus-size/cat/?cid=27395
80,26 Brands Making the Best Plus-Size Clothing Right Now,women Plus Size Clothing,['plus'],[],"From indie labels like Zelie for She and Wray to runway regulars like Christian Siriano, a number of brands have been dedicated to style in plus ...",https://www.harpersbazaar.com/fashion/trends/g34273815/best-plus-size-clothing-shops/
81,Avenue Womens Plus in Clothing - Walmart.com,women Plus Size Clothing,"[""Women's Plus Size"", 'Dress', ""Women's Plus Size""]",[],Avenue Women's Plus Size Val Dress Short Button Tab Flutter Sleeves V-Neckline. Save with. Walmart Plus. 2-day shipping. Avenue Women's Plus Size Hi Rise ...,https://www.walmart.com/browse/clothing/womens-plus/avenue/5438_133195/YnJhbmQ6QXZlbnVl
82,Women's Clothing | Ariat,women Plus Size Clothing,"[""Women's"", 'dresses', 'apparel', 'clothing', 'PLUS SIZE']",[],"Shop Women's jeans, tops, dresses, and skirts right here on Ariat.com. Ariat also offers riding specific apparel and clothing. ... PLUS SIZE. 1,108 products.",https://www.ariat.com/womens-clothing
83,"Best womens plus size clothing near me in Boston, MA - Yelp",women Plus Size Clothing,['Womens Plus Size Clothing'],[],"Reviews on Womens Plus Size Clothing in Boston, MA - Fashion To Figure, Lipstick, Crush Boutique, Susanna, Primark, Madewell, H&M, Nordstrom Rack - Boston, ...",https://m.yelp.com/search?find_desc=womens+plus+size+clothing&find_loc=Boston%2C+MA
84,Plus Size Clothing - Bloomingdale's,women Plus Size Clothing,"['plus size clothes', ""plus size women's clothing""]",[],Accentuate your curves in designer plus size clothes available at ... with our newest collection of plus size women's clothing you can ...,https://www.bloomingdales.com/shop/womens-apparel/plus-size-clothing?id=2917
85,Yellow : Plus Size Clothing - Target,women Plus Size Clothing,"['Clothing', ""Women's Clothing"", 'Plus Size Clothing']",[],"Target/Clothing, Shoes & Accessories/Women's Clothing/Yellow : Plus Size Clothing (185)‎. How are you shopping today? Pickup. In-store pickup, ready within ...",https://www.target.com/c/plus-size-clothing-women/yellow/-/N-5ouvjZ5y72c
1,Lane Bryant: Plus Size Clothing for Women,women Plus Size Clothing,"[""women's plus size clothing""]",[],"The latest looks in women's plus size clothing are just a click away at Lane Bryant. Shop trendy tops, pants, stylish dresses and more in sizes 10 to 40.",https://www.lanebryant.com/
2,Trendy Plus Size Clothing for Women - Maurices,women Plus Size Clothing,"[""women's plus size clothing""]",[],"Shop women's plus size clothing at maurices for cute plus size tops, jeans, dresses & more! Free shipping on all orders over $50!",https://www.maurices.com/c/plus-sizes/N-10591
3,Plus Size Clothing for Women - Torrid,women Plus Size Clothing,"[""women's plus size clothing""]",[],"Shop plus size clothing in the latest styles at Torrid! Find women's plus size clothing, dresses, lingerie, tops, jeans & more in sizes 10-30.",https://www.torrid.com/new-plus-size-clothing/
4,Plus Size Clothing for Women - Kohl's,women Plus Size Clothing,"[""women's plus clothing"", ""women's plus dresses""]",[],"Enjoy free shipping and easy returns on women's plus clothing from Kohl's. Find women's plus dresses, jeans and tops in casual, formal and work-ready ...",https://www.kohls.com/sale-event/womens-plus-clothing.jsp
5,Plus Size Clothing for Women - Macy's,women Plus Size Clothing,"['plus size clothing', 'women', 'plus size', 'dresses', 'women']",[],"Shop plus size clothing for women at Macys.com. Huge selection of plus size fashion: swimwear, dresses & jeans from top brands for curvy women.",https://www.macys.com/shop/plus-size-clothing?id=32147
6,Women's Plus Size Clothing | Walmart.com,women Plus Size Clothing,"['plus size woman', 'dresses']",[],"Walmart offers everything for the plus size woman including coats and jackets, dresses, tops, sweaters, jeans, activewear, shoes, bras and panties, and so much ...",https://www.walmart.com/cp/womens-plus/133195
7,Plus Size Clothing & Plus Size Fashion for Women - Belk,women Plus Size Clothing,"['Plus Size Clothing', 'Plus Size', 'Plus Size']",[],Plus Size Clothing (6251) · Karen Kane Plus Size Tie Front Blouse · Alfred Dunner Petite Floral Bouquet Knit Top · Kim Rogers® Plus Size 3/4 Sleeve Crew Neck ...,https://www.belk.com/women/plus-size-clothing/
8,Women's Plus-Size Clothing - ASOS,women Plus Size Clothing,"[""Women's Plus-Size Clothing""]",[],Women's Plus-Size Clothing · ASOS DESIGN Curve v neck batwing chiffon maxi dress with embroidery detail in pine green · ASOS EDITION Curve crystal and bead mini ...,https://www.asos.com/us/women/curve-plus-size/cat/?cid=9577
9,Plus Size Women's Clothing | Forever 21,women Plus Size Clothing,"['plus size', 'dresses']",[],"Shop the latest in plus size fashion at Forever 21 including sweaters, jackets, wide width boots, jeans, tops and dresses. New Fall and Winter fashion ...",https://www.forever21.com/us/shop/catalog/category/plus/plus_size-main
10,Plus Size Clothing For Women - Nordstrom,women Plus Size Clothing,"[""Women's Plus Size Clothing""]",[],Women's Plus Size Clothing · Fits Everybody Square Neck Sleeveless Bodysuit (Regular & Plus Size) · Soft Lounge Long Sleeve Dress (Regular & Plus Size) · Boyfriend ...,https://www.nordstrom.com/browse/women/clothing/plus-size
11,Plus Size Affordable Fashion at Avenue.com | Shop Women's ...,women Plus Size Clothing,"['plus size dresses', 'plus size apparel']",[],View our range of affordable plus size dresses for every occasion. Avenue.com has all your plus size apparel and wide width footwear covered.,https://www.avenue.com/
12,Women's Plus Size Clothing - Dresses and Tops - JCPenney,women Plus Size Clothing,"[""women's plus size clothes""]",[],"Shop women's plus size clothes at JCPenney! Browse an assortment of plus dresses, shirts, tops, jeans, and activewwear at great prices.",https://www.jcpenney.com/g/women/womens-plus-size?id=cat1009580001
13,Plus Size Women's Clothing - Dressbarn,women Plus Size Clothing,"['Dress Plus', 'Plus', 'Size']",[],Faye Long Sleeve Wrap Dress Plus. $193.95. $116.37. with code C3L3B. Cocomo Buckle Chain Print Popover - Plus - Front. cart. Add to Cart. Select Size.,https://dressbarn.com/collections/plus-size-womens-clothing
14,Plus Size Clothing - Target,women Plus Size Clothing,"['Plus Size Clothing', ""Women's Plus Size""]",[],Shop Target for Plus Size Clothing you will love at great low prices. ... Women's Plus Size Short Sleeve V-Neck T-Shirt - Ava & Viv™ · Ava & Viv.,https://www.target.com/c/plus-size-clothing-women/-/N-5ouvj
15,"Woman Within: Comfortable, Casual Plus Size Clothing for ...",women Plus Size Clothing,"['Woman', 'plus size clothing', 'plus size women']",[],"Woman Within has plus size clothing in sizes 12w-44w. Colorful, comfortable basics at low prices for plus size women.",https://www.womanwithin.com/
16,Size Clothing for Women | Plus Size Fashion | boohoo USA,women Plus Size Clothing,"['plus size clothing', 'plus size dresses']",[],"Looking for on trend plus size clothing? Look no further. Shop boohoo USA 's curvy fashion to find plus size dresses, tops, pants and so much more.",https://us.boohoo.com/womens/plus-size-curve-clothing
17,Women's Plus Size Clothing - Dillard's,women Plus Size Clothing,"[""Women's Plus Size Clothing""]",[],Women's Plus Size Clothing · MarinaPlus Size Boat Neck Long Beaded Sleeve Elastic Cuff Back Slit Matte Jersey Gown · Calvin KleinPlus Size Round Neck 3/4 Bell ...,https://www.dillards.com/c/women-plus
18,Plus-Size Clothing For Women | Plus-Size Outfits | H&M US,women Plus Size Clothing,"['plus', ""size women's clothing"", 'clothes']",[],"Update your look with affordable plus-size women's clothing from H&M. Browse a wide selection of trendy clothes, from casual summer styles to work outfits.",https://www2.hm.com/en_us/women/products/plus-size.html
19,"Plus Size Clothing, Dresses, Skirts, Suits, Tops, Jeans and ...",women Plus Size Clothing,"['plus size clothing', ""women's plus size"", 'clothes']",[],"Visit our online plus size clothing store featuring women's plus size fashion, clothes and accessories. Shop confidently.",https://www.eloquii.com/
20,Plus Size Women's Clothing - Cato Fashions,women Plus Size Clothing,"['dresses', 'plus size clothing']",[],"Our collection includes cropped pants, dresses, jackets, suits, skirts, shorts, blouses, athleisure, sleep, intimates, and more. Cato plus size clothing is ...",https://www.catofashions.com/plus-sizes
21,Women's Plus Size Clothing - Lands' End,women Plus Size Clothing,"[""women's plus-size clothing""]",[],"Upgrade your everyday wardrobe when you stock up on women's plus-size clothing from Lands' End. This collection features tops, bottoms, dresses, and more.",https://www.landsend.com/shop/womens-plus-size-clothing/S-xez-y5c-yp2-xec
22,Chic Soul | Trendy Plus Size Clothing,women Plus Size Clothing,"['plus size clothing', 'women']",[],"Your one stop shop for boutique plus size clothing! Shop the latest trends for curvy, confident, chic women. Enjoy free shipping on orders over $100.",https://chicsoul.com/
23,Women's Plus Size Clothing & Apparel | Coldwater Creek,women Plus Size Clothing,"[""women's plus size clothing""]",[],"Find women's plus size clothing that fits & flatters you best at Coldwater Creek. Shop a variety of styles, like our plus size tops, jeans and dresses.",https://www.coldwatercreek.com/womens-plus
24,Score Daily Deals on Plus Size Clothing | Zulily,women Plus Size Clothing,"[""Women's Plus Size Clothing""]",[],Women's Plus Size Clothing · Venus | Blue & Cream Stripe Open Cardigan - Women & Plus · only 4 left · Yummie | Medieval Blue Faux Leather Ankle Zip Leggings - ...,https://www.zulily.com/category/womens-plus
25,Catherines: Affordable Plus Size Clothing & Fashion for Women,women Plus Size Clothing,"[""women's plus size"", 'plus size woman']",[],Catherines® is dedicated to providing the best in women's plus size fashion. Designed specifically for the plus size woman & guaranteed to fit you ...,https://www.catherines.com/
26,"City Chic: Women's Plus Size Clothing, Dresses, Lingerie ...",women Plus Size Clothing,"['plus size clothing', 'dresses']",[],"The home of the latest fashion in plus size clothing from City Chic! Shop fashion forward dresses, lingerie, jeans, tops, swimwear and so much more!",https://www.citychiconline.com/
27,Plus Size Clothing for Women in Classic Styles | Appleseed's,women Plus Size Clothing,"['plus size clothing', 'women', 'plus size', 'dresses']",[],"Appleseed's' plus size clothing for women includes the latest in plus size tops, pants, dresses and outerwear. Get free shipping. Shop at Appleseed's!",https://www.appleseeds.com/search/womens-plus/
28,Women's Plus Size Clothing & Trendy Outfits | T.J.Maxx,women Plus Size Clothing,"[""women's plus size clothing""]",[],"Check out women's plus size clothing at T.J.Maxx - the latest fashion trends include suits, dresses, coats & jackets, and more. Save big today!",https://tjmaxx.tjx.com/store/shop/womens-plus-size-clothing/_/N-3787371341
29,"Plus Size Women's Clothing, sizes 14w-24w | C&B",women Plus Size Clothing,['Women sized clothing'],[],"Find the quality pieces you love at great prices! Shop Christopher and Banks online for Women sized clothing that is comfortable, stylish and best of all, ...",https://www.christopherandbanks.com/womens-plus-size-14w-24w/
30,Fashion To Figure | Plus Size Clothing and Fashion for ...,women Plus Size Clothing,"[""women's plus size clothing""]",[],"Fashion is a state of mind, not a size range. Shop Fashion to Figure for the latest looks in women's plus size clothing, dresses, tops, jeans and wide width ...",https://www.fashiontofigure.com/
31,Best Plus Size Clothing 2022 - Forbes,women Plus Size Clothing,"['Plus', 'Size Clothing', 'Plus', 'Size']",[],"Where To Buy The Best Plus-Size Clothing, According To Fashion Influencers · Best Plus-Size Jeans: Good American · Best Mid-Size Jeans: Madewell ...",https://www.forbes.com/sites/forbes-personal-shopper/2022/09/09/best-plus-size-clothing/
32,Women's Plus Size Clothing - thredUP,women Plus Size Clothing,"['plus size clothing', 'plus size dresses', 'plus size', 'plus size', 'clothes', 'plus size clothing']",[],"Find trendy plus size clothing, everything from plus size dresses to cute plus size tops to plus size workout clothes. New and used plus size clothing on ...",https://www.thredup.com/plus
33,Plus Size & Curve Clothing - Nasty Gal,women Plus Size Clothing,"['Plus Size', ""plus size women's clothing""]",[],"Plus Size. Enter our rad range of curve and plus size women's clothing; here to stock up that closet with flattering lengths, curve-carving silhouettes, stretch ...",https://www.nastygal.com/womens/plus-size
34,Dia & Co: Plus Size Clothing and Personal Styling for Women,women Plus Size Clothing,"['plus size clothing', 'women']",[],Dia & Co personal styling and plus size clothing for women exclusively in sizes 10-32. No subscription required. Free shipping and returns at dia.com.,https://www.dia.com/
35,Plus Size Clothing | Everyday Low Prices - Rainbow Shops,women Plus Size Clothing,['plus size womens clothing'],[],Rainbow Shops adds hundreds of trendy plus size womens clothing online every day. Why? Because we love all our curvy babes! We know you want to show off your ...,https://www.rainbowshops.com/collections/womens-plus-size-clothing
36,Women's Plus Size Fashion | Yours Clothing,women Plus Size Clothing,"['Plus size clothing', 'Clothing', 'clothing']",[],"Plus size clothing & fashion from Yours Clothing; clothing, shoes & accessories in a wide range of sizes. Shop fantastic deals with tracked international ...",https://www.yoursclothing.com/
37,Plus Size Vintage Inspired Clothing for Women | ModCloth,women Plus Size Clothing,"['plus size clothing', 'dresses']",[],"Shop ModCloth's EXCLUSIVE collection of vintage-inspired plus size clothing in dresses, tops, bottoms, swimwear, and more! Our dazzling selection of plus ...",https://modcloth.com/collections/plus-sizes
38,Women Clothing Plus Size - Etsy,women Plus Size Clothing,"['women clothing plus size', 'dresses']",[],"Check out our women clothing plus size selection for the very best in unique or custom, handmade pieces from our dresses shops.",https://www.etsy.com/market/women_clothing_plus_size?explicit=1&ref=guided_search_2&guided_search=1
39,Women's Plus Size Clothes - REDTAG,women Plus Size Clothing,"[""Women's Plus Size Clothing"", ""Women's Plus Size Clothing""]",[],"Women's Plus Size Clothing - Shop from the wide range of Women's Plus Size Clothing online in KSA. Choose from dresses, jackets, jeggings, leggings & more ...",https://sa.redtagfashion.com/collections/womens-plus-size-collection
40,Plus Size Clothing - PrettyLittleThing,women Plus Size Clothing,"['plus size clothing', 'dresses', ""women's plus size""]",[],"Welcome the new season with our catwalk inspired plus size clothing range. From sculpting dresses to flattering tops, shop women's plus size fashion at PLT.",https://www.prettylittlething.us/shop-by/plus-size-clothing.html
41,Women's Plus Size Clothing - Kohl's,women Plus Size Clothing,"[""women's plus size""]",[],"Our selection of women's plus size tops is sure to add a little flair to your style. From tees and tanks to shirts and blouses, we have something for everyone.",https://m.kohls.com/catalog/womens-plus-clothing.jsp?CN=Gender:Womens+SizeRange:Plus+Department:Clothing&cc=wms-TN2.0-S-plusclothing
42,Women's Plus Size Clothing - Rue21,women Plus Size Clothing,"['plus size clothing', ""women's clothing""]",[],"Shop plus size clothing from rue21. With on-trend and classic looks, our tops, graphics, jeans and more offer size-inclusive women's clothing for every ...",https://www.rue21.com/store/plus/_/N-99f
43,Women's Plus Size Clothing & Trendy Outfits | Marshalls,women Plus Size Clothing,"[""women's plus size clothing""]",[],"Marshalls has the lastest in women's plus size clothing for way less. Shop suits, activewear, jackets, dresses & more in tons of styles & colors!",https://www.marshalls.com/us/store/shop/womens-plus-size/_/N-927105780
44,Dresses : Plus Size Clothing - Target,women Plus Size Clothing,"['Clothing', ""Women's Clothing"", 'Dresses', 'Plus Size Clothing']",[],"Target/Clothing, Shoes & Accessories/Women's Clothing/Dresses : Plus Size Clothing (1192)‎. How are you shopping today? Pickup.",https://www.target.com/c/plus-size-clothing-women/dresses/-/N-5ouvjZll4vb
45,Unique Plus Size Clothing - Amazon.com,women Plus Size Clothing,"['size', 'Dress', ""Women's"", 'Dress']",[],RESULTS. Price and other details may vary based on product size and color. Dress the Population Women's Audrey Spaghetti Strap Midi A-line 3D Floral Dress.,https://www.amazon.com/Unique-Plus-Size-Clothing/s?k=Unique+Plus+Size+Clothing
46,Shirts : Plus Size Clothing - Target,women Plus Size Clothing,"['Plus Size Clothing', ""Women's Plus Size""]",[],Shop Target for Plus Size Clothing you will love at great low prices. ... Women's Plus Size Short Sleeve V-Neck T-Shirt - Ava & Viv™.,https://www.target.com/c/plus-size-clothing-women/shirts/-/N-5ouvjZipjkpfvet6b
47,Women's Plus Size Clothing - Old Navy,women Plus Size Clothing,['womens plus size clothing'],[],Check out the womens plus size clothing shop for great deals on fashionable styles. Old Navy is where fun and value meet fashion. Old Navy provides the ...,https://oldnavy.gap.com/shop/womens-plus-size-clothing
48,Women's Plus Size Clothing - Boscov's,women Plus Size Clothing,"[""women's plus-size clothing""]",[],Shop a massive selection of women's plus-size clothing at Boscov's. Find everything from dresses to pants & beyond all at the lowest prices.,https://www.boscovs.com/category/all-womens-plus-clothing
49,"Curvy Sense - Trendy, Affordable Plus Size Clothing for ...",women Plus Size Clothing,"['Plus Size', 'Dress', 'Plus Size', 'Dress', 'Plus Size']",[],PARTY SHOP · Plus Size Brisa Printed Tulip Hem Dress - Gold · Plus Size Rosie Garden Mesh Bodycon Dress - Black · Plus Size Keilani Satin Collar Jumpsuit - Black.,https://curvysense.com/
50,Kiyonna Clothing: Plus Size Clothing for Women,women Plus Size Clothing,"[""plus size women's clothing"", 'dresses']",[],"Kiyonna.com specializes in trendy plus size women's clothing in sizes 10-32. From formal, casual, evening, special occasion and office chic dresses to ...",https://www.kiyonna.com/
51,The best plus-size women's clothing of 2022 - New York Post,women Plus Size Clothing,"['plus', ""size women's clothing""]",[],The 32 brands making the best plus-size women's clothing of 2022 · 1. Amazon · 2. Abercrombie · 3. Anthropologie · 4. ASOS Curve · 5. Bandier · 6.,https://nypost.com/article/best-plus-size-womens-clothing-brands/
52,OneStopPlus: Women's Plus Size & Men's Big & Tall Clothing ...,women Plus Size Clothing,"['plus size clothing', ""plus size women's""]",[],"The best and largest selection of plus size clothing, sizes 12 to 44. Shop plus size women's, lingerie, swim, accessories, shoes & men's Big & Tall.",https://www.onestopplus.com/
53,Plus Size Clothing for Women. Nike.com,women Plus Size Clothing,['Womens Plus Size Clothing'],[],Womens Plus Size Clothing · 1 Color. $107.97. $155. Nike Sportswear Therma-FIT Repel · Nike Sportswear Therma-FIT Repel Women's Jacket (Plus Size). Sustainable ...,https://www.nike.com/w/womens-plus-size-clothing-5e1x6z6ymx6z8mjm2
54,Women's Plus Size Clothing | adidas US,women Plus Size Clothing,"['plus size clothing', 'women']",[],"Shop our selection of adidas plus size clothing for women. Check out various styles and colorways of hoodies, tights, tees and more ranging in sizes 1X to ...",https://www.adidas.com/us/women-plus_size
55,Women's Curvy & Plus Size Clothing | You + All | Online Store,women Plus Size Clothing,"['plus size', 'clothing', 'plus size dresses']",[],"You + All is your number one destination for plus size and curvy clothing and accessories. From plus size dresses, skirts, tops, denim, pants and more, ...",https://youandallfashion.com/
56,"Ashley Stewart: Plus Size Clothing, Dresses, Tops, Jeans ...",women Plus Size Clothing,"['plus size', 'plus size dresses', 'plus size']",[],"Shop the latest in plus size fashion featuring trendy plus size dresses, jeans, tops, plus size designers, accessories, and more.",https://www.ashleystewart.com/
57,"Women's Plus Size Clothing - Dresses, Swimwear & More",women Plus Size Clothing,"[""women's plus size clothing""]",[],"Blair carries women's plus size clothing, including dresses, swimwear, shirts, pants and more. Get free shipping and great deals! Shop now.",https://www.blair.com/search/womens/plus-size/?pageNumber=3
58,Plus Size Clothing for Women - Costco Wholesale,women Plus Size Clothing,"['Plus Size Clothing', 'Women']",[],Plus Size Clothing for Women ; Spyder Ladies' Tight with Pockets · Side Pockets ; Mondetta Ladies' Lightweight Printed Top · GRS Certified Recycled Fabric ...,https://www.costco.com/womens-clothing.html?womens-size=x-large-average&additional-sizes=plus-size&refine=ads_f22001_ntk_cs%253A%2522Plus%2BSize%2522%7C
59,Ava & Viv : Plus Size Clothing - Target,women Plus Size Clothing,"['Clothing', ""Women's Clothing"", 'Plus Size Clothing']",[],"Target/Clothing, Shoes & Accessories/Women's Clothing/Ava & Viv : Plus Size Clothing (83)‎. How are you shopping today? Pickup.",https://www.target.com/c/plus-size-clothing-women/ava-viv/-/N-5ouvjZo267d
60,Women's Plus Size Clothing | REI Co-op,women Plus Size Clothing,"[""Women's Plus Size Clothing""]",[],Shop for Women's Plus Size Clothing at REI Outlet - FREE SHIPPING With $50 minimum purchase. Curbside Pickup Available NOW! 100% Satisfaction Guarantee.,https://www.rei.com/rei-garage/s/womens-plus-size-clothing
61,Pants : Plus Size Clothing - Target,women Plus Size Clothing,"['Clothing', ""Women's Clothing"", 'Plus Size Clothing']",[],"Target/Clothing, Shoes & Accessories/Women's Clothing/Pants : Plus Size Clothing (858)‎. How are you shopping today? Pickup. In-store pickup, ready within 2 ...",https://www.target.com/c/plus-size-clothing-women/pants/-/N-5ouvjZipjkpfqe4v8
62,Where Are the Plus Size Clothes for Women Over 60?,women Plus Size Clothing,"['plus size clothing', 'women']",[],Lane Bryant – the pioneer in plus size clothing in the USA. · Maurices – contemporary styling which appeals to older women. · Gwynie Bee – unique ...,https://sixtyandme.com/where-are-the-plus-size-clothes-for-women-over-60/
63,WOMENS PLUS SIZE - KILLSTAR - US Store,women Plus Size Clothing,['WOMENS PLUS SIZE'],[],WOMENS PLUS SIZE · NEW. Asterim Mesh Top [PLUS]. $39.99 · NEW. Waning Orbit Cold-Shoulder Top [PLUS]. $34.99 · NEW. Luna's Levitation Belt [PLUS].,https://us.killstar.com/collections/womens-plus-size
64,"Plus-size clothing, fit for your lifestyle - Stitch Fix",women Plus Size Clothing,"[""women's plus-size clothing""]",[],"Model wearing Stitch Fix women's plus-size athleisure clothing including maroon leggings and shirt,. Model wearing Stitch Fix women's plus-size clothing ...",https://www.stitchfix.com/women/plus
65,Old Navy Plus Size Clothing for Women for sale - eBay,women Plus Size Clothing,"['Plus Size Clothing', 'Women']",[],Get the best deals on Old Navy Plus Size Clothing for Women when you shop the largest online selection at eBay.com. Free shipping on many items | Browse ...,https://www.ebay.com/b/Old-Navy-Plus-Size-Clothing-for-Women/15724/bn_3987436
66,"Roaman's: Plus Size Clothing, Fashion That Fits",women Plus Size Clothing,"['plus size clothing', 'clothing', ""women's""]",[],"Shop Roaman's for the best in plus size clothing, carrying stylish clothing in sizes 12W-44W, wide and extra wide width women's shoes sizes 7-12.",https://www.roamans.com/
1,Women's Dresses for Plus Size | Fit and Flare ... - JCPenney,women Plus Size Clothing,"['Plus', 'Dress', 'Plus', 'Dress', 'Plus', 'Dress']",[],Ivy & Blue Plus Short Sleeve Midi Fit + Flare Dress · MSK Plus 3/4 Sleeve Shift Dress · R & K Originals Plus Floral Faux-Jacket Dress With Removable Necklace.,https://www.jcpenney.com/g/women/womens-plus-size/plus-dresses?id=cat1009690002
2,Plus Size Women's Dresses | Lane Bryant,women Plus Size Clothing,"['plus size dresses', 'dress']",[],Shop fashionable plus size dresses at Lane Bryant. Find the perfect dress that will keep you cute and comfortable no matter the occasion.,https://www.lanebryant.com/clothing/dresses/view-all
3,New Arrivals | Women's Plus Size Online Clothing | Chic Soul,women Plus Size Clothing,"[""women's plus size clothing""]",[],Shop the newest trends and styles at Chic Soul to discover the cutest women's plus size clothing online. Keep on trend with our new line of plus size ...,https://chicsoul.com/collections/new-arrivals
