position,query,snippet_highlighted_words,rich_snippet_list,snippet,link
1,ุนุจุงูุงุช,[],[],ูุชุฌุฑ ุงูุนุจุงูุงุช ุงูุฃูู ูู ุงูููููุฉ. ูุชููู ูุฑูู ููุชุฉ ูู ุฃูุถู ุงููุตูููู ูู ูุฌุงู ุตูุงุนุฉ ุงูุนุจุงูุฉ ูููุญูุงุชูุงุ ููุชูุฑุฏ ุจุงุฎุชูุงุฑ ุฃูุถู ุฃููุงุน ุงูุฃููุดุฉ.,https://laftah.com/
2,ุนุจุงูุงุช,"['ุนุจุงูุงุช', 'ุนุจุงูุงุช']",[],ุฅุทูุงูุฉ ูุชุฌุฑ ูุชุฎุตุต ุจุงูุนุจุงูุงุช ุงูุฎููุฌูุฉ ุงูุดุจุงุจูุฉ ูููุฑ ุนุจุงูุงุช ููููุฉ ูุนุจุงูุงุช ุณุงุฏุฉ ูููููุฉ ููุง ูููุฑ ุนุจุงูุงุช ุนูู ุงูุฑุฃุณ ู ุงูุจูุงุชูุฉ ูุงูููุงุจุงุช ุจุฃูุถู ุงูุฃุณุนุงุฑ ูุจุชุงุตููู ...,https://etlalah.com/
3,ุนุจุงูุงุช,['ุนุจุงูุงุช'],[],"25/12/2021 - Explore ุงุณุนุฏ ุณูู's board ""ุนุจุงูุงุช"" on Pinterest. See more ideas about ููุถุฉ, ููุถุฉ ุงูุนุจุงูุฉ, ุนุจุงุกุฉ.",https://www.pinterest.com/assg9707/%D8%B9%D8%A8%D8%A7%D9%8A%D8%A7%D8%AA/
4,ุนุจุงูุงุช,['abaya'],[],"The abaya, which covers the entire body from head to toe, is one of the most popular pieces of modest fashion. With this loose and long-cut clothing, ...",https://www.modanisa.com/en/abaya.htm
5,ุนุจุงูุงุช,['Abaya'],[],Price and other details may vary based on product size and color. Abetteric Womens Long Sleeve Ethnic Style Full Zip Muslim Dresses Abaya with Hijabs.,https://www.amazon.com/abaya/s?k=abaya
6,ุนุจุงูุงุช,[],[],ูุชุฌุฑ ูุชุฎุตุต ูู ุงูุนุจุงูุงุช ุงูุฃูููุฉ ุงูุฌุงูุฒุฉ ูุงูุชูุตูู ุจุฃุณุนุงุฑ ููุงูุณุฉ ููุง ุชุชููุฑ ุญุฌุงุจุงุช ููููุฉ ูุงูููุงุช ูุงูููุงุจ. ุฎุฏูุฉ ุงูุชูุตูู ูุฌููุน ุงููุฏู ุจุงูุณุนูุฏูุฉ.,https://hawraaabaya.com/
7,ุนุจุงูุงุช,['ุนุจุงูุงุช'],[],ุชุณูู ุฃุญุฏุซ ุชุดูููุฉ ุนุจุงูุงุช ุฃูููุงูู ูู ูู ุฌููุน ุงูุญุงุก ุงูุนุงููุ ูู ูุตุฑุ ุฌููุน ุงูุฏูู - โ ุฎุตู 30% ูุน ููุฏ: FIRST ูโ ุชูุตูู ุณุฑูุน ููุฌุงูู ููุงูุฉ ุฃูุญุงุก ุงูุนุงููุ โ ุงุดุชุฑ ...,https://ar-global.namshi.com/women-clothing-arabian_clothing-abayas/
8,ุนุจุงูุงุช,['ุนุจุงูุงุช'],[],ุฎุตู ุญุชู 40 % ุงุฎุชุงุฑู ุนุจุงูุชู ูู ุฏุงุฑ ูููุง ูุงุณุชูุชุนู ุจุฎุตู ููู. ุงูุจุฑ ุชุดูููุฉ ุนุจุงูุงุช ุณูุฏุงุก ููุตููุง ุจุงุณุฑุน ููุช ูุจุงุจ ุจูุชู.,https://darlena.sa.com/category/Qloqz
1,ุนุจุงูุงุช,['ุนุจุงูุงุช'],[],"15.8k Followers, 78 Following, 350 Posts - See Instagram photos and videos from ุนุจุงูุงุช ุณููุงุฑ (@solarabaya)",https://www.instagram.com/solarabaya/?hl=en
2,ุนุจุงูุงุช,['ุนุจุงูุงุช'],[],ุนุจุงูุงุช ุบูุงุฏูุฑ. ๐ฑ๐ข: ๐ถ๐๐๐๐๐๐ ๐ฐ๐๐๐๐๐๐๐. ๐๐๐๐ : ๐ถ๐๐๐๐๐๐๐_๐๐พ โ๐๐๐c๐ ๐ธ๐ถ๐ท๐ฝ โโโ๏ธ ุชูุตูู ุฏุงุฎู ูุฎุงุฑุฌ ุงููููุช.,https://www.instagram.com/ghanader_q8/?hl=en
3,ุนุจุงูุงุช,['ุนุจุงูุงุช'],[],"465 Followers, 0 Following, 33 Posts - See Instagram photos and videos from Widad Abayas | ุนุจุงูุงุช ูุฏุงุฏ (@widadcollections_)",https://www.instagram.com/widadcollections_/
4,ุนุจุงูุงุช,['ุนุจุงูุงุช'],[],ุนุจุงูุงุช ุงูุฑุงููุฉ. ูุงุชุณุงุจ 0563121651. 95 posts. 84 followers. 1 following. Instagram ยท Log in. Open app. Discover more from lrhyllbyt only on the app.,https://www.instagram.com/lrhyllbyt/?hl=en
5,ุนุจุงูุงุช,['ุนุจุงูุงุช'],[],"1951 Followers, 568 Following, 40 Posts - See Instagram photos and videos from ุนุจุงูุงุช ุฏุงุด (@dash_abaya)",https://www.instagram.com/dash_abaya/?hl=en
6,ุนุจุงูุงุช,['ุนุจุงูุงุช'],[],"5369 Followers, 10 Following, 279 Posts - See Instagram photos and videos from ุนุจุงูุงุช ุจูุช ุงูุฒูู (@bait_alzain_kw)",https://www.instagram.com/bait_alzain_kw/?hl=en
7,ุนุจุงูุงุช,"['ุนุจุงูุงุช', 'ุนุจุงูุงุช']",[],"Jan 30, 2014 - ุตูุฑ ุนุจุงูุงุช ุฎููุฌูุฉ ุฑูุนุฉ - ุฌููุน ููุฏููุงุช ุงูุนุจุงูุงุช ุงูุณูุฏุงุก ุงูุฎููุฌูุฉ ูุนุงู 2014 - ุนุจุงูุงุช ุณุนูุฏู ูุนุจุงูุงุช ูููุชู - ุฎุตููุงุช ุชุตู ุงูู 85% ...",https://www.pinterest.com/pin/350225308494290880/
8,ุนุจุงูุงุช,['ุนุจุงูุงุช'],[],"Mar 15, 2020 - 61 Likes, 8 Comments - ุนุจุงูุงุช . (@_abayadesigns) on Instagram: โุงูููุฉ ุญููู ู ู ุญุณุงุจ ุงูุนุจุงูุฉ @heatherabyaโ",https://www.pinterest.com/pin/576179346081327126/
9,ุนุจุงูุงุช,['ุนุจุงูุงุช'],[],"Oct 17, 2020 - ุนุจุงูุงุช ุณุนูุฏูุฉ ุณูุฏุงุก ุนุจุฑ ูููุน muhtwa.com , ูุนุฑุถ ููู ุงูุงู ูู ุฎูุงู ูุฐุฉ ุงูููุงูุฉ ูุฌููุนุฉ ุฑุงุฆุนุฉ ูู ุฃุฌูู ูุงุญุฏุซ ุตูุฑ ุงูุนุจุงูุงุช ุงูุณุนูุฏูุฉ ุงูุชู ุชุชููุฒ ...",https://www.pinterest.com/pin/625015254531424948/
10,ุนุจุงูุงุช,['ุนุจุงูุงุช'],[],ุนุจุงูุงุช. 92 Pins. 1y. A. Collection by. ุงุณุนุฏ ุณูู. Similar ideas popular now. Hijab Fashion. Abayas Fashion. Muslim Fashion.,https://www.pinterest.com/assg9707/%D8%B9%D8%A8%D8%A7%D9%8A%D8%A7%D8%AA/
11,ุนุจุงูุงุช,['ุนุจุงูุงุช'],[],"962 Followers, 18 Following, 53 Posts - See Instagram photos and videos from RAFAH ABAYAS - ุนุจุงูุงุช ุฑูุงูู (@rafah.abayas)",https://www.instagram.com/rafah.abayas/?hl=en
12,ุนุจุงูุงุช,"['ุนุจุงูุงุช', 'ุนุจุงูุงุช', 'ุนุจุงูุงุช']",[],ุนุจุงูุงุช ุดุชููุฉ. Our offers's profile picture. Our offers. ุนุจุงูุงุช ุณูุฑุฉ's profile picture. ุนุจุงูุงุช ุณูุฑุฉ. ุฌูุงุจูุงุช's profile picture. ุฌูุงุจูุงุช.,https://www.instagram.com/nsj_designer/?hl=en
13,ุนุจุงูุงุช,['ุนุจุงูุงุช'],[],"2170 Followers, 375 Following, 111 Posts - See Instagram photos and videos from ุนุจุงูุงุช ุนูุงู (@anan.abayas)",https://www.instagram.com/anan.abayas/?hl=en
14,ุนุจุงูุงุช,['ุนุจุงูุงุช'],[],"459 Followers, 494 Following, 15 Posts - See Instagram photos and videos from ุนุจุงูุงุช ุฑุชู (@ratqabaya)",https://www.instagram.com/ratqabaya/?hl=en
15,ุนุจุงูุงุช,['ุนุจุงูุงุช'],[],"11.9k Followers, 228 Following, 531 Posts - See Instagram photos and videos from Saif Abayas ุนุจุงูุงุช ุณูู (@saifabaya.sa)",https://www.instagram.com/saifabaya.sa/?hl=en
16,ุนุจุงูุงุช,['ุนุจุงูุงุช'],[],"298 Followers, 84 Following, 58 Posts - See Instagram photos and videos from ุนุจุงูุงุช ุชูููู (@eibayat.takwin)",https://www.instagram.com/eibayat.takwin/?hl=en
17,ุนุจุงูุงุช,['ุนุจุงูุงุช'],[],Turkish Dresses and Abayas Collection from Adalar Moda is available now. Order your favorite Dress in One Click! | ูุณุงุชูู ู ุนุจุงูุงุช ุชุฑููุฉ ูููุฒุฉ ููุฑูุญุฉ.,https://www.adalar.moda/collections/dresses
18,ุนุจุงูุงุช,['ุนุจุงูุงุช'],[],"Aug 29, 2019 - Explore Alex Dress's board ""ุนุจุงูุงุช ุงูุฑุงุญ"" on Pinterest. See more ideas about hijab fashion, hijab dress, muslim fashion.",https://www.pinterest.com/ali_elghnam/%D8%B9%D8%A8%D8%A7%D9%8A%D8%A7%D8%AA-%D8%A7%D9%81%D8%B1%D8%A7%D8%AD/
19,ุนุจุงูุงุช,['ุนุจุงูุงุช'],[],ุนุจุงูุงุช. 50 Pins. 1y. S. Collection by. Hadooz. Similar ideas popular now. Hijab Fashion. Abayas Fashion. Muslim Fashion. Dubai Fashion.,https://www.pinterest.com/salimsalme95/%D8%B9%D8%A8%D8%A7%D9%8A%D8%A7%D8%AA/
20,ุนุจุงูุงุช,['ุนุจุงูุงุช'],[],ุฏุงุฑ ุชุงูุฉ ุฃูู ุชุทุจูู ู ูุชุฌุฑ ุนุจุงูุงุช ุณุนูุฏู ููุฏู ุฃุญุฏุซ ูุงูุฎู ููุฏููุงุช ุงูุนุจุงูุงุช ุงูุณุนูุฏูุฉ ุงููุชููุฒุฉ ุชุตูููุงุช ูู ุงุฌูุฏ ุฃููุงุน ุงูุงููุดุฉ ูููุฏููุงุช ูุนุจุงูุงุช ุงูููุงุณุจุงุช ูุนุจุงูุงุช ...,https://talafashion.com.sa/en/
21,ุนุจุงูุงุช,['ุนุจุงูุงุช'],[],"348k Followers, 944 Following, 3522 Posts - See Instagram photos and videos from ุนุจุงูุงุชโ๏ธ (@tiii600)",https://www.instagram.com/tiii600/?hl=en
22,ุนุจุงูุงุช,['ุนุจุงูุงุช'],[],"Oct 8, 2019 - 49 Likes, 3 Comments - ุนุจุงูุงุช . (@_abayadesigns) on Instagram: โุงููููููุฉโ๏ธ ู ู ุญุณุงุจ ุงูุนุจุงูุฉ @tahani.lineโ",https://www.pinterest.com/pin/685532374513692890/
23,ุนุจุงูุงุช,[],[],"Aug 24, 2018 - This Pin was discovered by Pinner. Discover (and save!) your own Pins on Pinterest.",https://www.pinterest.com/pin/752875262683886360/
24,ุนุจุงูุงุช,['ุนุจุงูุงุช'],[],"22/03/2021 - Explore Mona Adel's board ""ุฏููุงุจ ุนุจุงูุงุช"" on Pinterest. See more ideas about ุฏููุงุจ, ุชุตููู, ูุฏุฎู.",https://www.pinterest.com/owfi2007/%D8%AF%D9%88%D9%84%D8%A7%D8%A8-%D8%B9%D8%A8%D8%A7%D9%8A%D8%A7%D8%AA/
25,ุนุจุงูุงุช,['ุนุจุงูุงุช'],[],"ุนุจุงูุงุช ููููู. 2,991 Pins. 1w. R. Collection by. ูคูคูคูค. Similar ideas popular now. Abayas Fashion. Hijab Fashion. Muslim Fashion.",https://www.pinterest.com/roose13449/%D8%B9%D8%A8%D8%A7%D9%8A%D8%A7%D8%AA-%D9%85%D9%84%D9%88%D9%86%D9%87/
26,ุนุจุงูุงุช,[],[],"Dec 12, 2021 - 1716 Followers, 0 Following, 129 Posts - See Instagram photos and videos from Abaya (@hoor.line_)",https://www.pinterest.com/pin/668995719659199622/
27,ุนุจุงูุงุช,['ุนุจุงูุงุช'],[],"Sep 4, 2019 - 79 Likes, 21 Comments - ุนุจุงูุงุช . (@_abayadesigns) on Instagram: โ ู ู ุญุณุงุจ ุงูุนุจุงูุฉ @eva.boutique.q8โ",https://www.pinterest.com/pin/611574824381334460/
28,ุนุจุงูุงุช,['ุนุจุงูุงุช'],[],ุชุตูุญู ุฌุฏูุฏ ุงูุดุชุงุก ยท ุนุจุงูุงุช ุดุชููุฉ ยท ุดุงูุงุช ุดุชููุฉ ยท ูุฑูุงุช.,https://johrh.com/
29,ุนุจุงูุงุช,[],[],This webpage was generated by the domain owner using Sedo Domain Parking. Disclaimer: Sedo maintains no relationship with third party advertisers.,https://abayanorah.com/
30,ุนุจุงูุงุช,['ุนุจูุงูุงุช'],[],ุนุจูุงูุงุช ูุฌูุฏูู (@abaya.najdiyah) on TikTok | 20.6K Likes. 1.4K Followers. half of her beauty is in brain. ุงูุญูุฏููู.,https://www.tiktok.com/@abaya.najdiyah
31,ุนุจุงูุงุช,['ุนุจุงูุงุช'],[],"Dec 19, 2022 - Explore Mona Alareqi's board ""ุงููุงุฑ ุชุทุฑูุฒ ุนุจุงูุงุช"" on Pinterest. See more ideas about embroidery fashion, hand embroidery designs, ...",https://www.pinterest.com/alareqimona/%D8%A7%D9%81%D9%83%D8%A7%D8%B1-%D8%AA%D8%B7%D8%B1%D9%8A%D8%B2-%D8%B9%D8%A8%D8%A7%D9%8A%D8%A7%D8%AA/
32,ุนุจุงูุงุช,['ุนุจุงูุงุช'],[],"24/11/2022 - Explore Anegma's board ""ุนุจุงูุงุช ุฎููุฌูู"" on Pinterest. See more ideas about ููุถุฉ, ูุณุชุงู ุจุงูุณุชุงูู, ููุถุฉ ุฏุจู.",https://www.pinterest.com/anegma95/%D8%B9%D8%A8%D8%A7%D9%8A%D8%A7%D8%AA-%D8%AE%D9%84%D9%8A%D8%AC%D9%8A%D9%87/
33,ุนุจุงูุงุช,['ุนุจุงูุงุช'],[],ุนุจุงูุงุช. 431 Pins. 34w. amhabib1428. Collection by. am habib. Similar ideas popular now. Abayas Fashion. Muslim Fashion. Hijab Fashion. Islamic Fashion.,https://www.pinterest.com/amhabib1428/%D8%B9%D8%A8%D8%A7%D9%8A%D8%A7%D8%AA/
34,ุนุจุงูุงุช,['ุนุจุงูุงุช'],[],"Aug 22, 2017 - Explore maryam almannai's board ""ุนุจุงูุงุช ุฎููุฌูู"", followed by 363 people on Pinterest. See more ideas about abaya fashion, abaya designs, ...",https://www.pinterest.com/gimjh/%D8%B9%D8%A8%D8%A7%D9%8A%D8%A7%D8%AA-%D8%AE%D9%84%D9%8A%D8%AC%D9%8A%D9%87/
35,ุนุจุงูุงุช,['ุนุจุงูุงุช'],[],"Sep 5, 2019 - Explore Om Ahmed's board ""ุนุจุงูุงุช"" on Pinterest. See more ideas about abaya fashion, hijab fashion, muslimah fashion.",https://www.pinterest.com/ahmedo880125/%D8%B9%D8%A8%D8%A7%D9%8A%D8%A7%D8%AA/
36,ุนุจุงูุงุช,['ุนุจุงูุงุช'],[],"Jun 11, 2018 - Explore Teey Hamad's board ""ุนุจุงูุงุช ุญููู"" on Pinterest. See more ideas about abaya fashion, muslimah fashion, hijab fashion.",https://www.pinterest.com/teeyhamad/%D8%B9%D8%A8%D8%A7%D9%8A%D8%A7%D8%AA-%D8%AD%D9%84%D9%88%D9%87/
37,ุนุจุงูุงุช,['ุนุจุงูุงุช'],[],"Jun 14, 2022 - Explore Saeda Qandil's board ""ุนุจุงูุงุช ุชุทุฑูุฒ"" on Pinterest. See more ideas about palestinian embroidery, abaya fashion, fashion.",https://www.pinterest.com/saedaqandil3/%D8%B9%D8%A8%D8%A7%D9%8A%D8%A7%D8%AA-%D8%AA%D8%B7%D8%B1%D9%8A%D8%B2/
38,ุนุจุงูุงุช,['ุนุจุงูุงุช'],[],ุนุจุงูุงุช. 385 Pins. 21h. siboniaaiysh123. Collection by. Amal Ahmad. Similar ideas popular now. Hijab Fashion. Abayas Fashion. Muslim Fashion. Islamic Fashion.,https://www.pinterest.co.uk/siboniaaiysh123/%D8%B9%D8%A8%D8%A7%D9%8A%D8%A7%D8%AA/
39,ุนุจุงูุงุช,['ุนุจุงูุงุช'],[],ุชููุฒู ุจุงุฎุชูุงุฑู ูู ุนุจุงูุงุช Scarf ุญูุซ ููุชู ุจุงูุฌูุฏุฉ ูุงูุชุตุงููู ุงูุงูููุฉ.,https://scarfksa.com/
40,ุนุจุงูุงุช,"['ุนุจุงูุงุช', 'ุนุจุงูุงุช']",[],ูุชุฌุฑ ุนุจุงูุงุช ููุฏู ุชุดูููุฉ ูุจูุฑุฉ ูู ุงูุนุจุงูุงุช ุงููุชููุนุฉ . ุนุจุงูุงุช ุณูุฏุงุกุ ุณุงุฏุฉุ ุนูููุฉุ ููููุฉ ูุจุฃุณุนุงุฑ ููุงูุณุฉุ ููุง ุชูุฌุฏ ุฎุฏูุฉ ุงูุชูุตูู ุงูุณุฑูุน ูุฌููุน ...,https://apps.apple.com/app/id1623819485
41,ุนุจุงูุงุช,[],[],"Jul 18, 2019 - This Pin was discovered by Menna Rezk. Discover (and save!) your own Pins on Pinterest.",https://www.pinterest.com/pin/476114991857304019/
42,ุนุจุงูุงุช,['ุนุจุงูุงุช'],[],"Jan 20, 2019 - ุนุจุงูุงุช ูุทุฑุฒุฉ : ูู ุงูุฌูุน ุจูู ุงูุนุงุฏุงุช ู ุงูุชูุงููุฏ ูุงูุฎูุงุทุฉ ุงูุนุตุฑูุฉ ู ูุนุจุงูุงุช ุงููุทุฑุฒุฉ ุงูุชู ุชุจุฑุฒ ุงูุงูุฉ ุงููุฑุงุฉ ุงูุฎููุฌูุฉ ุ ุฏูู ุงูุฎุฑูุฌ ุนู ุงูุฏู...",https://www.pinterest.com/pin/caftan--610660030702714454/
43,ุนุจุงูุงุช,['ุนุจุงูุงุช'],[],"Sep 4, 2021 - Explore Sana Abdulhamed's board ""ุนุจุงูุงุช ุฎุทูุจุฉ"" on Pinterest. See more ideas about fashion dresses, dresses, gowns dresses.",https://www.pinterest.com/sanaabdulhamed/%D8%B9%D8%A8%D8%A7%D9%8A%D8%A7%D8%AA-%D8%AE%D8%B7%D9%88%D8%A8%D8%A9/
44,ุนุจุงูุงุช,['ุนุจุงูุงุช'],[],"Sep 26, 2022 - Explore ููู ุฃุญูุฏ's board ""ุนุจุงูุงุช"" on Pinterest. See more ideas about abaya fashion, abayas fashion, abaya designs.",https://www.pinterest.com/lovekingdom/%D8%B9%D8%A8%D8%A7%D9%8A%D8%A7%D8%AA/
45,ุนุจุงูุงุช,['ุนุจุงูุงุช'],[],"... with @instatoolsapp ใปใปใป Enjoy your Tuesday #subhanabayas #fashionblogโฆโ โข See 8,243 photos and videos on their profile. Less. Tamim ยท ุนุจุงูุงุช.",https://www.pinterest.com/pin/683773155899306313/
46,ุนุจุงูุงุช,['ุนุจุงูุงุช'],[],"ููุฌู ุนุจุงูุงุช. 80 Pins. 1y. F. Collection by. ูุงุทูุฉ. Similar ideas popular now. DIY Keychain. Diamond Cross Necklace Gold, Diamond Cross Pendants, ...",https://www.pinterest.com/fmthb30/%D9%84%D9%88%D8%AC%D9%88-%D8%B9%D8%A8%D8%A7%D9%8A%D8%A7%D8%AA/
47,ุนุจุงูุงุช,['ุนุจุงูุงุช'],[],"Jan 19, 2022 - Explore zuzi ali's board ""ุนุจุงูุงุช"" on Pinterest. See more ideas about abaya fashion, abayas fashion, hijab fashion.",https://www.pinterest.com/aljahmi12348/%D8%B9%D8%A8%D8%A7%D9%8A%D8%A7%D8%AA/
48,ุนุจุงูุงุช,[],[],ูุชุฌุฑ ุงูุนุจุงูุงุช ุงูุฃูู ูู ุงูููููุฉ. ูุชููู ูุฑูู ููุชุฉ ูู ุฃูุถู ุงููุตูููู ูู ูุฌุงู ุตูุงุนุฉ ุงูุนุจุงูุฉ ูููุญูุงุชูุงุ ููุชูุฑุฏ ุจุงุฎุชูุงุฑ ุฃูุถู ุฃููุงุน ุงูุฃููุดุฉ.,https://laftah.com/
49,ุนุจุงูุงุช,[],[],"We specialize in designing and manufacturing abayas. We are considered one of the pioneers of Gulf fashion and elegance. Also, we have production lines ...",https://louzanabaya.com/en/smash/c1112176303
50,ุนุจุงูุงุช,"['ุนุจุงูุงุช', 'ุนุจุงูุงุช']",[],ูุณุงุก ุงูุฎูุฑ ุนุจุงูุงุช @ohoud.abaya ุชูุจุจู ูุฌุฏุงู ุงูููู ููููุฑู ุงููุงุน ูุงุดูุงู ูู ุงูุนุจุงูุงุช ยท ูุณุงุก ุงูุฎูุฑ โค๏ธ ุนุจุงูุงุช @nf.line9 ุชุฌููู ููุฑู ุงูููู ูุจููุณ ุงูููุช ุนูููู ...,https://www.instagram.com/_1ecvv/?hl=en
51,ุนุจุงูุงุช,[],[],ุฌูุฑุฌุณ ุนูุงูุฉ ุชุฌุงุฑูุฉ ุณุนูุฏูุฉ ูุชุฎุตุตุฉ ูู ุนุงูู ุงูุนุจุงูุงุช ุชูุฏู ูู ุฃุณูู ุชุฌุฑุจุฉ ุดุฑุงุก ุนุจุงูุฉ ูู ุงูุงูุชุฑูุช ุจููุณุงุช ุนุตุฑูุฉ ุชุญุงูู ุฐูู ุงููุฑุฃุฉ ุงูุณุนูุฏูุฉ ูู ูุฌุชูุนูุง ูููุง ูุงูุช ...,https://gorgeous.sa/
52,ุนุจุงูุงุช,[],[],"We specialize in designing and manufacturing abayas. We are considered one of the pioneers of Gulf fashion and elegance. Also, we have production lines ...",https://louzanabaya.com/en/colorful-abayas/c1942737636
53,ุนุจุงูุงุช,[],[],"Model Number: PRPL-7022Product Description: A winter abaya in velor fabric with a Bisht style, another material of leather was added to it on the sleeves, ...",https://louzanabaya.com/en/violet-velvet-winter-abaya-with-bisht-cut-velvet/p650752816
54,ุนุจุงูุงุช,['ุนุจุงูุงุช'],[],"Jun 14, 2020 - 16 Likes, 1 Comments - ุนุจุงูุงุช ุงูุฑูุงุถ (@sellectionsa) on Instagram: โ. โ ูู ุชุตููู @razahdesign. Designedโฆโ",https://www.pinterest.com/pin/326370304250143381/
55,ุนุจุงูุงุช,"['ุนุจุงูุงุช', 'ุนุจุงูุงุช']",[],"Aฤu.2018 - ุณุชุงูู ุนุจุงูุงุช ุชุฑูู ูุญุญุจุงุช2022#11 ูู ุงูุนุถูุฉ:ุงุณูุงุฑุฉ ุงูุฐูุจ. ... ุณุชุงูู ุนุจุงูุงุช ุชุฑูู ูุญุญุจุงุช2017#11 3dlat.net_09_17_7b27 Hijabi Mode, Abaya Mode, Modest.",https://www.pinterest.com/pin/782922716446677697/
56,ุนุจุงูุงุช,['ุนุจุงูุงุช'],[],"Feb 20, 2018 - Explore ุฑุงููุง ุฑูุงุด's board ""ุนุจุงูุงุช ุฎููุฌูุฉ"", followed by 424 people on Pinterest. See more ideas about abaya fashion, hijab fashion, ...",https://www.pinterest.com/rona_ahmed22/%D8%B9%D8%A8%D8%A7%D9%8A%D8%A7%D8%AA-%D8%AE%D9%84%D9%8A%D8%AC%D9%8A%D8%A9/
57,ุนุจุงูุงุช,['ุนุจุงูุงุช'],[],"Feb 9, 2020 - Explore Doode's board ""ุนุจุงูุงุช ุจูุงุช"" on Pinterest. See more ideas about fashion design, iranian women fashion, fashion.",https://www.pinterest.com/doooojah/%D8%B9%D8%A8%D8%A7%D9%8A%D8%A7%D8%AA-%D8%A8%D9%86%D8%A7%D8%AA/
58,ุนุจุงูุงุช,[],[],ew-an.com.,https://ew-an.com/
59,ุนุจุงูุงุช,"['ุนุจุงูุงุช', 'ุนุจุงูุงุช']",[],"ุฃุฌูู ุนุจุงูุงุช 2015 ูู ุฏุงุฑ ุงูุฌููุฑุฉ ูุทูุฉ ุดุฑููุฉ ุฑุงููุฉ. ุฃุฌูู ุนุจุงูุงุช 2015 ูู ุฏุงุฑ ุงูุฌููุฑุฉ ูุทูุฉ ุดุฑููุฉ ุฑุงููุฉ. Maryam Essaโ ยท ARABIC TOUCH, gown,dresses & jewlarry.",https://www.pinterest.com/pin/324118504410082718/
60,ุนุจุงูุงุช,['ุนุจุงูุงุช'],[],"May 21, 2016 - Explore Shog's board ""ุนุจุงูุงุช"" on Pinterest. See more ideas about islamic clothing, abaya fashion, muslimah fashion.",https://www.pinterest.com/ag9ga/%D8%B9%D8%A8%D8%A7%D9%8A%D8%A7%D8%AA/
61,ุนุจุงูุงุช,['ุนุจุงูุงุช'],[],"May 25, 2020 - 310 Likes, 18 Comments - Abayas | ุนุจุงูุงุช (@abayat_ab) on Instagram: โQ'n'A on IG are amazing as we get to know your choices one on one and ...",https://www.pinterest.com/pin/308567011972559741/
62,ุนุจุงูุงุช,['ุนุจุงูุงุช'],[],"May 1, 2019 - Explore lamya hassan's board ""ุนุจุงูุงุช"" on Pinterest. See more ideas about abaya fashion, modern abaya, abaya designs.",https://www.pinterest.com/lmosh1413/%D8%B9%D8%A8%D8%A7%D9%8A%D8%A7%D8%AA/
63,ุนุจุงูุงุช,['ุนุจุงูุงุช'],[],"Jul 19, 2018 - 320 Likes, 3 Comments - SUBHAN ABAYAS (@subhanabayas) on Instagram: โ#Repost @warld_bazaar โข โข โข โข โข ุนุจุงูุงุช ุนุงูู_ุจุงุฒุงุฑ ุนุจุงูู ูุณุฑุงุช ุนุจุงูู ...",https://www.pinterest.com/pin/619807967445563830/
64,ุนุจุงูุงุช,"['ุนุจุงูุงุช', 'ุนุจุงูุงุช']",[],"ุนุจุงูุงุช ุณูุฑู ุนุจุงูุงุช ููุถุฉ Cool Girl Pic, Cute Girl Photo, Girl Photo Shoots,. More like this. mohraahmedabaya ยท Nourhanahmed. 0 followers ...",https://www.pinterest.com/pin/687150855660596947/
65,ุนุจุงูุงุช,['ุนุจุงูุงุช'],[],"38 Likes, 3 Comments - TูARูZ , , ุชูุฑุฒู (@tarz.sa) on Instagram: โHoodie abaya โค๏ธ#abaya #ุนุจุงูุงุช #riyadh #dubai #qatar #saudidesignerโ",https://www.instagram.com/p/BKwj8cwg3Fl/?hl=en
66,ุนุจุงูุงุช,['ุนุจุงูุงุช'],[],ุนุจุงูุงุช ุงุณุทูุจูู. ุฃุญุฏุซ ููุฏููุงุช ุงูุนุจุงูุงุช ุงูุชุฑููุฉ ุจุงูุฌููุฉ ูุจุงูููุฑุฏ (ุชุฑููุง - ุงุณุทูุจูู ) ููุชูุงุตู ูุงูุทูุจ ูู ุฌููุน ุงูุญุงุก ุงูุนุงูู.,https://www.instagram.com/abayat_istanbul/?hl=en
67,ุนุจุงูุงุช,['ุนุจุงูุงุช'],[],ุนุจุงูุงุช ุณูู (@shm_abaya) on TikTok | 4.6M Likes. 218.8K Followers. ููุทูุจ ู ุงูุงุณุชูุณุงุฑ ูู ุฎูุงู ุฑุงุจุท ุงููุงุชุณ ูู ุงูุงูุณุชูุฑุงู โต Inst: Shm_abaya โต.,https://www.tiktok.com/@shm_abaya?lang=en
68,ุนุจุงูุงุช,['ุนุจุงูุงุช'],[],ุนุจุงูุงุช ุดุฐู,https://www.facebook.com/groups/2664476876941708/
69,ุนุจุงูุงุช,['ุนุจุงูุงุช'],[],"Oct 24, 2020 - Explore Mona Najem's board ""ุฏููุงุจ ุนุจุงูุงุช"" on Pinterest. See more ideas about wardrobe design bedroom, design, home decor.",https://www.pinterest.com/najem3674/%D8%AF%D9%88%D9%84%D8%A7%D8%A8-%D8%B9%D8%A8%D8%A7%D9%8A%D8%A7%D8%AA/
70,ุนุจุงูุงุช,['ุนุจุงูุงุช'],[],ุนุจุงูุงุช ููููู. 17 Pins. 2y. 77h77h88. Collection by. โฌAi Altโณ. Similar ideas popular now. Muslim Fashion. Hijab Fashion. Abayas Fashion. Islamic Fashion.,https://www.pinterest.com/77h77h88/%D8%B9%D8%A8%D8%A7%D9%8A%D8%A7%D8%AA-%D9%85%D9%84%D9%88%D9%86%D9%87/
71,ุนุจุงูุงุช,['ุนุจุงูุงุช'],[],ูุตุงุช ุนุจุงูุงุช. 124 Pins. 1y. B. Collection by. Bdor Alshehri. Similar ideas popular now. Abayas Fashion. Hijab Fashion. Muslim Fashion. Arab Fashion.,https://www.pinterest.com/bdorshf9/%D9%82%D8%B5%D8%A7%D8%AA-%D8%B9%D8%A8%D8%A7%D9%8A%D8%A7%D8%AA/
72,ุนุจุงูุงุช,['ุนุจุงูุงุช'],[],"06/09/2020 - Explore Hijab Style's board ""ุนุจุงูุงุช ุฎููุฌูุฉ"" on Pinterest. See more ideas about ููุถุฉ, ุนุจุงุกุฉ, ูุณุงุชูู.",https://www.pinterest.com/sarae9950/%D8%B9%D8%A8%D8%A7%D9%8A%D8%A7%D8%AA-%D8%AE%D9%84%D9%8A%D8%AC%D9%8A%D8%A9/
73,ุนุจุงูุงุช,['ุนุจุงูุงุช'],[],"Oct 11, 2018 - Explore eiman's board ""ุนุจุงูุงุช"" on Pinterest. See more ideas about abaya fashion, abaya designs, hijab fashion.",https://www.pinterest.com/eiman0132/%D8%B9%D8%A8%D8%A7%D9%8A%D8%A7%D8%AA/
74,ุนุจุงูุงุช,['ุนุจุงูุงุช'],[],Feryam ยฎ on Instagram: โ#feryam #FE 800 SR #abaya #abayastyles #abayas #abayasaudi #abayasboutique #ุนุจุงูุงุช #ุนุจุงูุงุช_ูุฎูุฉ #ุนุจุงูุงุช_ูุดุฎุฉ #ุนุจุงูุงุช_ูููููโฆโ ...,https://www.pinterest.com/msr186/%D8%B9%D8%A8%D8%A7%D9%8A%D8%A7%D8%AA/
75,ุนุจุงูุงุช,[],[],Shehana Abayas A Saudi store specializing in the manufacture of Gulf and Arab abayas. It is produced in the Kingdom of Saudi Arabia and is ...,https://play.google.com/store/apps/details?id=com.shihanh.shihanh&hl=en_US&gl=US
76,ุนุจุงูุงุช,['ุนุจุงูุงุช'],[],Amazon.eg: ุนุจุงูุงุช ุญุฑููู ุฎุฑูุฌ ุณูุฑุง.,https://www.amazon.eg/-/en/%D8%B9%D8%A8%D8%A7%D9%8A%D8%A7%D8%AA-%D8%AD%D8%B1%D9%8A%D9%85%D9%8A-%D8%AE%D8%B1%D9%88%D8%AC-%D8%B3%D9%85%D8%B1%D8%A7/s?k=%D8%B9%D8%A8%D8%A7%D9%8A%D8%A7%D8%AA+%D8%AD%D8%B1%D9%8A%D9%85%D9%8A+%D8%AE%D8%B1%D9%88%D8%AC+%D8%B3%D9%85%D8%B1%D8%A7
77,ุนุจุงูุงุช,"['ุนุจุงูุงุช', 'ุนุจุงูุงุช', 'ุนุจุงูุงุช', 'ุนุจุงูุงุช']",[],ุนุจุงูุงุช ุฑุจุท ุจุนุฏุฏุช ุฃุดูุงู... ุชูุตูู ุนุจุงูุงุช ุชุฎุฑุฌ ูุชุทุฑูุฒ ุญุณุจ ุงูุทูุจ... ุนุจุงูุงุช ูููุชูู ุฌุฏูุฏู ูุชูุตูู ุญุณุจ ุงูุทูุจ... #ุจูุงู_ุฑูุฒ#ุนุจุงูุงุช_ุฑุงููุฉ #ุนุจุงูุงุช_ูููุชูู #ุนุจุงูุงุช ...,https://www.instagram.com/l_ama107/?hl=en
78,ุนุจุงูุงุช,"['ุนุจุงูุงุช', 'ุนุจุงูุงุช']",[],3baet. ูุฏููุง ุงูุถู ุงูุนุจุงูุงุช ู ุงุณุนุงุฑ ุฑูุฒูู. 11 posts. 115 followers. 216 following. #ุนุจุงูู #ุนุจุงูุงุช #ุงูุณุชุง #ูุฑููุนุงู #ุชุตููุฑู. #ุนุจุงูู #ุนุจุงูุงุช #ุงูุณุชุง #ุฑูุถุงู_2018 ...,https://www.instagram.com/3baet/?hl=en
79,ุนุจุงูุงุช,['ุนุจุงูุงุช'],[],ุนุจุงูุงุช. 129 Pins. 2y. F. Collection by. Fahdah. Similar ideas popular now. Abayas Fashion. Hijab Fashion. Muslim Fashion. Islamic Fashion.,https://www.pinterest.com/fahdah1244/%D8%B9%D8%A8%D8%A7%D9%8A%D8%A7%D8%AA/
80,ุนุจุงูุงุช,['ุนุจุงูุงุช'],[],"May 5, 2015 - ุฌุฏูุฏ ุนุจุงูุงุช ุงููุฑุงุดุฉ 2015ุงุฑูุน ููุฏููุงุช, ุงูุฎูุงุทุฉ, ุงูุชูููุฏูุฉ ,ุงููุบุฑุจูุฉ, ุชุฌูุฏููู ,ููุง ุจุงุฏู ุงููู ูุง ุนูููู ุงูุง ุงูุงุดุชุฑุงู ูุนูุง ูู ุงูุตูุญุฉูููุฒูุฏ ูู ...",https://www.pinterest.com/pin/344173596500195720/
81,ุนุจุงูุงุช,"['ุนุจุงูุงุช', 'ุนุจุงูุงุช']",[],"ุนุจุงูุงุช Abaya Fashion, Muslim Fashion, Fashion Outfits, Fashion Ideas, Womens Fashion,. Save. Uploaded to Pinterest. Abaya Fashion. ุนุจุงูุงุช.",https://www.pinterest.com/pin/863706034767383928/
82,ุนุจุงูุงุช,[],[],"We specialize in designing and manufacturing abayas. We are considered one of the pioneers of Gulf fashion and elegance. Also, we have production lines ...",https://louzanabaya.com/en/soft-abayas/c363328171
83,ุนุจุงูุงุช,[],[],"We specialize in designing and manufacturing abayas. We are considered one of the pioneers of Gulf fashion and elegance. Also, we have production lines ...",https://louzanabaya.com/en/60-percent-off/c1925673892
84,ุนุจุงูุงุช,[],[],"We specialize in designing and manufacturing abayas. We are considered one of the pioneers of Gulf fashion and elegance. Also, we have production lines ...",https://louzanabaya.com/en/%D8%B9%D8%A8%D8%A7%D9%8A%D8%A9-%D9%88-%D8%A8%D9%86%D8%B7%D9%84%D9%88%D9%86/c1585391050
85,ุนุจุงูุงุช,[],[],"We specialize in designing and manufacturing abayas. We are considered one of the pioneers of Gulf fashion and elegance. Also, we have production lines ...",https://louzanabaya.com/en/black-abayas/c1190780481?page=5#!
86,ุนุจุงูุงุช,[],[],"Model number: BLK-7022Product description: A winter abaya made of velvet fabric, with a bisht cut. Another leather material was added to it on the sleeves, ...",https://louzanabaya.com/en/black-velvet-winter-abaya-with-bisht-cut-velvet/p396996333
87,ุนุจุงูุงุช,['ุนุจุงูุงุช'],[],"Mar 10, 2021 - Lychee Abayat ุนุจุงูุงุช ูุงูุชุดู (@lychee_bh) โข Instagram photos and videos.",https://in.pinterest.com/pin/96475617008079014/
88,ุนุจุงูุงุช,['ุนุจุงูุงุช'],[],ุนูุงูู ุชุฌุงุฑูุฉ ูุชุฎุตุตู ูู ุญูุงูู ุนุจุงูุงุช ุฐุงุช ุชุตุงููู ูุฎุชููู ูุชูุงุณุจ ุฌููุน ุงูุงุฐูุงู.,https://www.blueabaya1.com/
89,ุนุจุงูุงุช,['ุนุจุงูุงุช'],[],"21/04/2022 - Explore Waled Almathane Almathane's board ""ุนุจุงูุงุช"" on Pinterest. See more ideas about ููุถุฉ, ููุถุฉ ุฏุจู, ููุงุด ูููุท.",https://www.pinterest.com/777689562w/%D8%B9%D8%A8%D8%A7%D9%8A%D8%A7%D8%AA/
90,ุนุจุงูุงุช,['ุนุจุงูุงุช'],[],ุนุจุงูุงุช. 76 Pins. 1y. D. Collection by. Dรคlรคl DรถDรถ. Similar ideas popular now. Abayas Fashion. Hijab Fashion. Muslim Fashion.,https://www.pinterest.com/ddd1428/%D8%B9%D8%A8%D8%A7%D9%8A%D8%A7%D8%AA/
91,ุนุจุงูุงุช,['ุนุจุงูุงุช'],[],"May 10, 2022 - Explore Alanood Daily Glamour's board ""Abaya ุนุจุงูุงุช"" on Pinterest. See more ideas about abaya fashion, abayas fashion, abaya designs.",https://www.pinterest.com/alanoodstyle/abaya-%D8%B9%D8%A8%D8%A7%D9%8A%D8%A7%D8%AA/
92,ุนุจุงูุงุช,['ุนุจุงูุงุช'],[],"May 12, 2019 - Explore Najla's board ""ุนุจุงูุงุช ุณูุฑ"" on Pinterest. See more ideas about fashion, abaya fashion, hijab fashion.",https://www.pinterest.com/nnajlaaa/%D8%B9%D8%A8%D8%A7%D9%8A%D8%A7%D8%AA-%D8%B3%D9%81%D8%B1/
93,ุนุจุงูุงุช,['ุนุจุงูุงุช'],[],"Oct 24, 2018 - Explore Shoosh's board ""ุนุจุงูุงุช"", followed by 323 people on Pinterest. See more ideas about abaya fashion, abaya designs, hijab fashion.",https://www.pinterest.com/shoosh3110/%D8%B9%D8%A8%D8%A7%D9%8A%D8%A7%D8%AA/
94,ุนุจุงูุงุช,['ุนุจุงูุงุช'],[],ุนุจุงูุงุช. .abayat ยท Modern Hijab Fashion ยท Islamic Fashion ยท Abaya Fashion ยท Muslim Fashion ยท Mode Abaya ยท Mode Hijab ยท Arabian Dress ยท Hijab Style Tutorial.,https://www.pinterest.com/pin/311733605439086579/
95,ุนุจุงูุงุช,"['ุนุจุงูุงุช', 'ุนุจุงูุงุช']",[],"Nov 24, 2020 - ูุชุฌุฑ ููุฏุฉ ุชุณูู ุนุจุงูุงุช ูุจูุน ุงูุนุจุงุกุงุช ุงููุณุงุฆูุฉ ูุฏููุง ุนุจุงุกุงุช ูุณุงุฆูุฉ ุฌุงูุฒุฉ ุจุฃููุดุฉ ุฐุงุช ุฌูุฏุฉ ุนุงููุฉ ุนุจุงูู ูุงุฑูุฉ ุฎุงุตุฉ ุนุจุงูุฉ ูุงุฑูุฉ ุงูููุฏุฉ ูุฏููุง ุนุจุงูุงุช ...",https://www.pinterest.com/pin/855683997947864947/
96,ุนุจุงูุงุช,['ุนุจุงูุงุช'],[],"Nov 27, 2017 - 235 Likes, 15 Comments - ุนุจุงูุงุช ุฃุฐูุงูู (@athwaqi) on Instagram: โ โค๏ธ โข โข โข ูุชููุฑู โจ โข โข โข โจุณุนุฑูุง: 40ุฑูุงู โจโ",https://www.pinterest.com/pin/466333736408265895/
97,ุนุจุงูุงุช,[],[],"Price and other details may vary, based on product size and colour. Men's Muslim Clothes Kaftan Robe Islamic Abaya Dubai Long ...",https://www.amazon.ae/%D8%B9%D8%A8%D8%A7%D9%8A%D8%A7%D8%AA-%D8%B1%D8%AC%D8%A7%D9%84%D9%8A/s?k=%D8%B9%D8%A8%D8%A7%D9%8A%D8%A7%D8%AA+%D8%B1%D8%AC%D8%A7%D9%84%D9%8A&page=3
1,ุนุจุงูุงุช,"['ุนุจุงูุงุช', 'ุนุจุงูุงุช']",[],"ุนุจุงูุงุช Slouchy'Z... ุฃูููุฉ ูุนุตุฑูุฉ Kaftans, Abayas, Modern Abaya,. fashion is my passion. 18k followers ... 9 ุฃููุงู ุนุจุงูุงุช ูุฃูุงูุฉ ุงููุฑุฃุฉ ุงูุฎููุฌูุฉ ูู ุดุชุงุก 2017 ...",https://www.pinterest.com/pin/428123508301994174/
2,ุนุจุงูุงุช,['ุนุจุงูุงุช'],[],"Jun 15, 2019 - Explore mar Daas's board ""ุนุจุงูุงุช"" on Pinterest. See more ideas about abaya, simple abaya, abaya fashion.",https://www.pinterest.com/mardaas/%D8%B9%D8%A8%D8%A7%D9%8A%D8%A7%D8%AA/
3,ุนุจุงูุงุช,['ุนุจุงูุงุช'],[],ุนุจุงูุงุช. 204 Pins. 1w. L. Collection by. A S. Similar ideas popular now. Abayas Fashion. Hijab Fashion. Muslim Fashion. Arab Fashion.,https://www.pinterest.com/leeeeele122/%D8%B9%D8%A8%D8%A7%D9%8A%D8%A7%D8%AA/
4,ุนุจุงูุงุช,"['ุนุจุงูุงุช', 'ุนุจุงูุงุช']",[],"Sep 17, 2020 - 70 Me gusta, 0 comentarios - #ุงุญูุง_ุนุจุงูู (@albahih8) en Instagram: ""#ุนุจุงูุงุช #ุนุจุงูู #ุนุจุงูุฉ #ุนุจุงูุง #ุนุจุงูุงุช_ููููู #ุนุจุงูุงุช #ุนุจุงูุงุชู #ุนุจุงูู_ูููุช ...",https://www.pinterest.com/pin/775956210791671957/
5,ุนุจุงูุงุช,['ุนุจุงูุงุช'],[],"Nov 11, 2017 - #Repost @tiii600 with @instatoolsapp ุนุจุงูุงุช ุถูู ููุนุจู ูุงูุจุดูุช ูุชุฑูุจูุงุง ุฌุฏูุฏ ุงููุตููู ููุฑู ุงูุถุงูู @dowa_abaya @dowa_abaya @dowa_abaya .",https://www.pinterest.com/pin/619807967439947223/
6,ุนุจุงูุงุช,[],[],There is rubber with a luxurious laser crepe fabric..,https://louzanabaya.com/en/there-is-rubber/p42505041
7,ุนุจุงูุงุช,[],[],"We specialize in designing and manufacturing abayas. We are considered one of the pioneers of Gulf fashion and elegance. Also, we have production lines ...",https://louzanabaya.com/en/luxury-abayas/c585691540
8,ุนุจุงูุงุช,[],[],"Model Number: BLK-7026Product Description: A black abaya with English crepe fabric, Pro, designed in a modern way, and on both sides of the abaya another ...",https://louzanabaya.com/en/%D8%B9%D8%A8%D8%A7%D9%8A%D8%A9-%D8%B3%D9%88%D8%AF%D8%A7%D8%A1-%D9%83%D8%B1%D9%8A%D8%A8-elif-v/p1922712347
9,ุนุจุงูุงุช,"['ุนุจุงูุงุช', 'ุนุจุงูุงุช']",[],ุนุจุงูุงุช ูููู (@hameem.abayas) on TikTok | 40.6K Likes. 8.6K Followers. ูุณุนุฏูุง ุฅุณุชูุจุงู ุทูุจุงุชูู ุนุจุฑ ุงููููุน โฌ๏ธ.Watch the latest video from ุนุจุงูุงุช ูููู ...,https://www.tiktok.com/@hameem.abayas?lang=en
10,ุนุจุงูุงุช,['ุนุจุงูุงุช'],[],ุนุจุงูุงุช ูุตููุฉ ุฎุตูุตูุง ูุชููุทู ุชูุงุตูููุง ุฌูุงููุงุ ุจุฌูุฏุฉ ุนุงููุฉ ูุชุดูููุฉ ูุชููุนุฉ ุชุฑุถู ุฐุงุฆูุชู ูุชุชุฃููู ุจูุง.,https://detailsabaya.com/
11,ุนุจุงูุงุช,"['ุนุจุงูุงุช', 'ุนุจุงูุงุช']",[],"Sep 17, 2020 - 70 Me gusta, 0 comentarios - #ุงุญูุง_ุนุจุงูู (@albahih8) en Instagram: ""#ุนุจุงูุงุช #ุนุจุงูู #ุนุจุงูุฉ #ุนุจุงูุง #ุนุจุงูุงุช_ููููู #ุนุจุงูุงุช #ุนุจุงูุงุชู #ุนุจุงูู_ูููุช ...",https://www.pinterest.com/pin/504121752044127142/
12,ุนุจุงูุงุช,['ุนุจุงูุงุช'],[],#ุนุจุงูุฉ #ุนุจุงูุงุช #ููููุฉ #ุณุชุงูู #ูุงุฌูุงู #ุจูุงุช #ุตุจุงูุง #ูุณุงุก. ุงุฌูู ุณุชุงููุงุช ุงูุนุจุงูุงุช ุงููุงุฌูุงู ุงูููููุฉ ุงุฎุฑ ููุถุฉ Casual abaya styles for a lovely outfit ...,https://www.pinterest.com/pin/661958845232993425/
13,ุนุจุงูุงุช,"['ุนุจุงูุงุช', 'ุนุจุงูุงุช']",[],"ุจูุงุช, ุนุจุงูุงุช, and ููุถู image Iranian Women Fashion, Arab Fashion, Muslim Fashion ... Image about ุนุจุงูุงุชู in ุนุจุงูุงุช by โAyat on We Heart It ...",https://www.pinterest.com/pin/and-image--403846291567865983/
14,ุนุจุงูุงุช,['ุนุจุงูุงุช'],[],ุตูุฑ ุนุจุงูุงุช ุฎููุฌูุฉ ููุถุฉ ููุจูุงุช ูุน ููุฏููุงุช ููุงูุฑุงุญ ูุงูุงุนุฑุงุณ ูุงูุฒูุงู. Gulf Images Abaya Fashion ุชุนุฏ ุงูุนุจุงุกุฉ ูู ุงูุฒููุฉ ุงูุชู ุชุดุชูุฑ ุจูุง ูุณุงุก ุฏูู ุงูุฎููุฌ ุงูุนุฑุจู ูุชุชููุฒ ...,https://www.pinterest.com/pin/294915475576225554/
15,ุนุจุงูุงุช,['ุนุจุงูุงุช'],[],"Feb 20, 2019 - Explore Meyar1415 alharby's board ""ุนุจุงูุงุช"" on Pinterest. See more ideas about abaya designs, abaya fashion, hijab fashion.",https://www.pinterest.com/ga1415/%D8%B9%D8%A8%D8%A7%D9%8A%D8%A7%D8%AA/
16,ุนุจุงูุงุช,[],[],ุนุจุงูุงุช ุฑุงููุฉ ุจุงูุฃุณูุฏ. No views 28 seconds ago. Sewing sama ุฎูุงุทุฉ ุณูุง. Sewing sama ุฎูุงุทุฉ ุณูุง. 1.97K subscribers. Subscribe.,https://www.youtube.com/watch?v=po5qUqfq9Fw
17,ุนุจุงูุงุช,[],[],"abaya-ab.com is your first and best source for all of the information you're looking for. From general topics to more of what you would expect to find here, ...",https://abaya-ab.com/
18,ุนุจุงูุงุช,['ุนุจุงูุงุช'],[],"ุนุจุงูุงุช ุงูููุฑุฉ ูุชุฌุฑ ูุชุฎุตุต ุจุงูุนุจุงูุงุช ุงูุณุนูุฏูุฉ ุจุชุตุงููู ุญุฏูุซุฉ ูุงูููู.,ุงูุถู ุงููุดุฉ ุงูุนุจุงูุงุช ูููุฒูุฏ ูู ุจุฒูุงุฑุฉ ูุชุฌุฑูุง ูููุดุงูุฏุฉ ุงูุนุจุงูุงุช ุงููููุฒู.",https://alneira.net/
19,ุนุจุงูุงุช,[],[],"We specialize in designing and manufacturing abayas. We are considered one of the pioneers of Gulf fashion and elegance. Also, we have production lines ...",https://louzanabaya.com/en/abaya-with-dress/c133810272
20,ุนุจุงูุงุช,[],[],"Model Number: BLK-5734 Product description : A black abaya embroidered with satin taffeta, hand-embroidered with beads. Fabric: satin taffeta Story: normal ...",https://louzanabaya.com/en/%D8%B9%D8%A8%D8%A7%D9%8A%D8%A9-%D8%B3%D9%88%D8%AF%D8%A7%D8%A1-%D9%81%D8%A7%D8%AE%D8%B1%D8%A9-%D9%85%D8%B7%D8%B1%D8%B2%D8%A9-%D8%A5%D9%84%D9%8A%D9%82%D9%86%D8%AA-iii%2Fp438287596
21,ุนุจุงูุงุช,['ุนุจุงูุงุช'],[],"27/12/2022 - Explore Rana ALQUDSI's board ""ุนุจุงูุงุช"", followed by ูขูคูฉ people on Pinterest. See more ideas about ููุถุฉ, ูุณุงุชูู, ููุงุจุณ.",https://www.pinterest.com/ranaalqudsi/%D8%B9%D8%A8%D8%A7%D9%8A%D8%A7%D8%AA/
22,ุนุจุงูุงุช,['ุนุจุงูุงุช'],[],"Sep 29, 2017 - Repost @seefmall with @instatoolsapp ุฎุตููุงุช 50 % ูุฏู ูุญู ุนุจุงูุงุช ุดููุงุก ุฑููุงู ููููุดู ูู ูุฌูุน ุงูุณูู ุงููุญุฑู ุจูุงุจู ุฃ ุงูุทุงุจู ุงูุฃุฑุถู 50% sale at ...",https://www.pinterest.com/pin/619807967439466124/
23,ุนุจุงูุงุช,['ุนุจุงูุงุช'],[],ุนุจุงูุงุช. ูุฌููุนุฉ ูู ุฃุญุฏุซ ุงูุนุจุงูุงุช. ยท. 32 Pins. 9y. evearabia. Collection by. Eve Arabia. Similar ideas popular now. Dresses. Hijab Fashion. Arab Fashion.,https://www.pinterest.com/evearabia/%D8%B9%D8%A8%D8%A7%D9%8A%D8%A7%D8%AA/
24,ุนุจุงูุงุช,['ุนุจุงูุงุช'],[],SUBHAN ABAYAS on Instagram: โ#Repost @carnelian_design with @instatoolsapp ใปใปใป New look #abayas #l4l #mydubai #ุนุจุงูุงุชโ ...,https://www.pinterest.com/pin/repost-abayat_el_bushya-with-instatoolsapp-_--313070611595067582/
25,ุนุจุงูุงุช,['ุนุจุงูุงุช'],[],"07/10/2022 - Explore Buthina Hafez's board ""ุนุจุงูุงุช ูุตูุฑุฉ"", followed by ูกูกูข people on Pinterest. See more ideas about ููุถุฉ, ููุงุจุณ, ูุณุงุชูู.",https://www.pinterest.com/bosbos1954/%D8%B9%D8%A8%D8%A7%D9%8A%D8%A7%D8%AA-%D9%82%D8%B5%D9%8A%D8%B1%D8%A9/
26,ุนุจุงูุงุช,['ุนุจุงูุงุช'],[],"01/02/2020 - Explore H's board ""ุฏููุงุจ ุนุจุงูุงุช"" on Pinterest. See more ideas about ุฏููุงุจ, ููุฒู, ุบุฑูุฉ ููุงุจุณ.",https://www.pinterest.com/hanan_0080/%D8%AF%D9%88%D9%84%D8%A7%D8%A8-%D8%B9%D8%A8%D8%A7%D9%8A%D8%A7%D8%AA/
27,ุนุจุงูุงุช,['ุนุจุงูุงุช'],[],Abdullah Ali 1 month ago ูุงู ุจุงูุดุฑุงุก ูุชู ุชููููู. ูุฑุฑู ูุฑูุญู. Mariam Alhmeed 3 months ago. ูููู ุงุนุฑู ุจุฃู ููู ูุชููุฑู. ุนุจุงูุงุช ููุฒุงู | Louzan Abaya 3 months ago.,https://louzanabaya.com/en/open-black-crepe-abaya/p1051805351
28,ุนุจุงูุงุช,[],[],"Model number: BLK-5289 Product description: A black abaya with crepe fabric. The abaya is characterized by medium-length sleeves, and it is decorated with ...",https://louzanabaya.com/en/black-crepe-abaya-riene/p2039209387
29,ุนุจุงูุงุช,[],[],"Model Number: GRY-5663 Product description: English Pro Abaya with crepe fabric with a zipped sleeve, decorated with gray inserts on one side of the abaya.",https://louzanabaya.com/en/black-abaya-with-gray-accents/p528667995
30,ุนุจุงูุงุช,[],[],No information is available for this page.,https://detsilsabaya.com/
31,ุนุจุงูุงุช,[],[],ูุชุฌุฑ ุดูู ุดูุจ ููุนุจุงูุงุช | ูุชุฎุตุต ูู ูุฌุงู ุงูุนุจุงูุงุช ูุงูุทุฑุญ ูุงูููุงุจุงุช | ุดุญู ูุชูุตูู ุณุฑูุน ุงูู ุฌููุน ููุงุทู ุงูููููุฉ ูุฏูู ุงูุฎููุฌ ุงูุนุฑุจู | ุฎุฏูุฉ ุงูุฏูุน ุนูุฏ ุงูุงุณุชูุงู.,https://sheckshop.com/
32,ุนุจุงูุงุช,[],[],"Model Number: BLK-3016R Product Description: A simple, basic abaya with Hanayen fabric, suitable for all weathers, giving a nice look.",https://louzanabaya.com/en/basic-black-plain-abaya/p2024477203
33,ุนุจุงูุงุช,[],[],"Model Number: BLK-5721 Product Description: A luxurious abaya made of Hanayen fabric, adding beads distributed in the chest and shoulders area, ...",https://louzanabaya.com/en/black-abaya-with-dress-saly-vi/p506750535
34,ุนุจุงูุงุช,[],[],"Model Number: BLK-7005Product Description: A luxurious abaya with chiffon fabric designed to make your look feminine, an elegant and luxurious abaya.",https://louzanabaya.com/en/black-chiffon-abaya/p1846938728
35,ุนุจุงูุงุช,[],[],"Model Number: GRN -7021Product Description: Double Face Abaya with suede fabric, worn on both sides (meaning two abaya in one piece), designed to make your ...",https://louzanabaya.com/en/double-face-winter-abaya-tiger/p107248216
36,ุนุจุงูุงุช,[],[],Model number: BLK-7010Product description: A black abaya made of the English pro crepe fabric. Another material was added to it on one side of the abaya and ...,https://louzanabaya.com/en/black-crepe-abaya-denise/p141132121
37,ุนุจุงูุงุช,[],[],"Model Number: BLK-5643 Product Description: Casual abaya with washed crepe fabric, an external belt and decorative buttons were added to it, which gave it a ...",https://louzanabaya.com/en/black-abaya-with-decorative-buttons/p100978886
38,ุนุจุงูุงุช,[],[],"Model Number: BLK-5754 Product Description: A luxurious abaya with English crepe fabric (Pro-Wrap), inlaid with beautiful embroidery that distinguishes you ...",https://louzanabaya.com/en/black-crepe-abaya-fancy-ii%2Fp162785460
39,ุนุจุงูุงุช,[],[],"Model Number: BLK-5694Product Description: An abaya in suede fabric. Front pockets were added to it, in addition to closing with one button from the front.",https://louzanabaya.com/en/black-abaya-elegant-ii/p689653376
40,ุนุจุงูุงุช,['ุนุจุงูุงุช'],[],"Jul 15, 2019 - Explore Ibtisam AL-Obeidi's board ""ุนุจุงูุงุช ุดุฑุนู"" on Pinterest. See more ideas about hijab fashion, abaya fashion, muslim fashion.",https://www.pinterest.com/ialobeidi/%D8%B9%D8%A8%D8%A7%D9%8A%D8%A7%D8%AA-%D8%B4%D8%B1%D8%B9%D9%8A/
41,ุนุจุงูุงุช,[],[],"Model Number: BLK-3009R Product Description: Practical plain abaya in crepe fabric, English Pro, with a compass in the front, sewn with a hidden zipper, ...",https://louzanabaya.com/en/emirati-abaya-black-plain-crepe-with-zipper-ii/p407745649
42,ุนุจุงูุงุช,[],[],"Model Number: BLK-5763 Product Description: A luxurious black abaya with a Bisht style in Tender fabric, which is characterized by its lightness and ...",https://louzanabaya.com/en/luxurious-black-abaya-with-a-bisht-style-besht-i/p2099888125
43,ุนุจุงูุงุช,[],[],"Model Number: GRN-7029Product Description: A suede winter abaya with a cut (robe - cape), designed in a modern way by adding leather to it, which gave it a ...",https://louzanabaya.com/en/suede-winter-abaya-cape/p862546464
44,ุนุจุงูุงุช,[],[],"Model Number: BLK-1812 Product Description: A soft abaya that suits all ages, with a black Hanayen fabric and inlaid with qatan, which gives an elegant look ...",https://louzanabaya.com/en/soft-black-abaya-with-qaitan-simple/p1742778524
45,ุนุจุงูุงุช,[],[],"Model Number: BLK-5734 Product description : A black abaya embroidered with satin taffeta, hand-embroidered with beads. Fabric: satin taffeta Story: normal ...",https://louzanabaya.com/en/luxurious-black-embroidered-abaya-elegant-iii/p438287596
46,ุนุจุงูุงุช,[],[],"Model number: BLK-3008R Product Description: Emirati plain abaya with Hanayen fabric, suitable for all weathers, giving a nice look.. Fabric: Haneen Stor...",https://louzanabaya.com/en/emirati-plain-black-abaya/p1566561765
47,ุนุจุงูุงุช,['ุนุจุงูุงุช'],[],"Sep 16, 2019 - Explore Sara B's board ""ุนุจุงูุงุช"", followed by 460 people on Pinterest. See more ideas about abaya fashion, abaya designs, hijab fashion.",https://www.pinterest.com/swaiira997/%D8%B9%D8%A8%D8%A7%D9%8A%D8%A7%D8%AA/
48,ุนุจุงูุงุช,['ุนุจุงูุงุช'],[],26.06.2020 - ุนุจุงูุงุช ูุฎูููุฉ .. posted on Instagram: โSwipe for more details โจโ โข See all of @vellvet.6's photos and videos on their profile.,https://www.pinterest.com/pin/139119075979120348/
49,ุนุจุงูุงุช,['ุนุจุงูุงุช'],[],"Mar 21, 2022 - Explore Eman Abdelaziz's board ""ุนุจุงูุงุช ุณูุฑุง"" on Pinterest. See more ideas about abaya fashion, hijab fashion, abaya designs.",https://www.pinterest.com/emanabdelaziz640/%D8%B9%D8%A8%D8%A7%D9%8A%D8%A7%D8%AA-%D8%B3%D9%85%D8%B1%D8%A7/
50,ุนุจุงูุงุช,"['ุนุจุงูุงุช', 'ุนุจุงูุงุช']",[],"Sep 16, 2020 - @albahih8: ""#ุนุจุงูุงุช #ุนุจุงูู #ุนุจุงูุฉ #ุนุจุงูุง #ุนุจุงูุงุช_ููููู #ุนุจุงูุงุช #ุนุจุงูุงุชู #ุนุจุงูู_ูููุช #ุนุจุงูู_ุงูุงุฑุงุชูู #ุนุจุงูุฉ_ููโฆ""",https://www.pinterest.com/pin/682576887268149221/
51,ุนุจุงูุงุช,['ุนุจุงูุงุช'],[],ุนุจุงูุงุช ููุฒุงู | Louzan Abaya ยท ุชุณุฌูู ุงูุฏุฎูู ยท Offers ยท Abayas ยท our new ยท black abayas ยท Casual Abayas ยท Practical Abayas ยท luxury abayas ยท soft abayas ...,https://louzanabaya.com/en/long-fashion-niqab-without-filling-logo-fabric/p698793628
52,ุนุจุงูุงุช,[],[],"Model Number: BLK-A5722 Product Description: Black blouse and skirt in Pandora fabric, which is characterized by its lightness, softness and ease of iron...",https://louzanabaya.com/en/black-top-amp-skirt-nilan-iii/p1603234697
53,ุนุจุงูุงุช,[],[],"We specialize in designing and manufacturing abayas. We are considered one of the pioneers of Gulf fashion and elegance. Also, we have production lines ...",https://louzanabaya.com/en/shop-by-brand/c1362540684?page=8
54,ุนุจุงูุงุช,[],[],"Model Number: BRN-5677 Product Description: A kiloush abaya with a zipped sleeve made of the Hanayen fabric, which is characterized by its lightness, ...",https://louzanabaya.com/en/brown-cloche-abaya-with-long-sleeves-clona-ii/p1540037452
55,ุนุจุงูุงุช,[],[],"Model Number: GLD-2316 Product Description: A soft abaya with Hanayen fabric decorated with simple touches on the right side, the tip of the veil and the...",https://louzanabaya.com/en/black-abaya-decorated-with-golden-threads/p1521721836
56,ุนุจุงูุงุช,['ุนุจุงูุงุช'],[],ุนุจุงูุงุช ุฎููุฌูุฉ. 519 Pins. 26w. A. Collection by. Amal mizar. Similar ideas popular now. Clothes. Abayas Fashion. Hijab Fashion.,https://www.pinterest.com/amalmizar/%D8%B9%D8%A8%D8%A7%D9%8A%D8%A7%D8%AA-%D8%AE%D9%84%D9%8A%D8%AC%D9%8A%D8%A9/
57,ุนุจุงูุงุช,['ุนุจุงูุงุช'],[],#ุนุจุงูุงุช#ุนุจุงู#ุงูุนุจุงูู#ุฏูุฒุงูู#ูู#ุงูุงูุงุฑุงุช#ูุณุงุชูู#ุชุตููู#ุฎูุงุทู#ูุตููู#ููุชูุฑ#ุงุจูุธุจู#ูุดุงููุฑ#ุงูุนุฑุจ#ูุทุฑ#ุจุญุฑูู#ุฑุณู#ููุถู.,https://www.pinterest.com/pin/767441592730374473/
58,ุนุจุงูุงุช,[],[],Application Abayat 2018 without Internet is the application of images is easy to use renewable contains many Medilat new abayas for 2018.,https://play.google.com/store/apps/details?id=com.sfdevapps.Abayat2018&hl=en_US&gl=US
59,ุนุจุงูุงุช,[],[],BOJON. Women's Muslim One Piece Prayer Dress for Women Abaya Dress Islamic Middle East Dubai Turkey Maxi Abaya Kaftan with Hijab Dress in Full Length.,https://www.amazon.ae/%D8%B9%D8%A8%D8%A7%D9%8A%D8%A7%D8%AA-%D9%88-%D8%AC%D9%84%D8%A7%D8%A8%D9%8A%D8%A7%D8%AA-%D8%AE%D9%84%D9%8A%D8%AC%D9%8A%D8%A9/s?k=%D8%B9%D8%A8%D8%A7%D9%8A%D8%A7%D8%AA+%D9%88+%D8%AC%D9%84%D8%A7%D8%A8%D9%8A%D8%A7%D8%AA+%D8%AE%D9%84%D9%8A%D8%AC%D9%8A%D8%A9
60,ุนุจุงูุงุช,"['ุนุจุงูุงุช', 'ุนุจุงูุงุช', 'ุนุจุงูุงุช']",[],ููููู ุนุจุงูุฉ - Unique Abaya - ูููุน ูุฎุชุต ุจุชุตููู ูุจูุน ุงูุงุฒูุงุก ูุงูุนุจุงูุงุช ูููุชุฌุงุช ุงูุฃูุงูุฉ ุจุฃุนูู ูุนุงูุฑ ุงูุฌูุฏุฉ ูู ุงูุณุนูุฏูุฉ ุนุจุงูุงุช ููููู - ุนุจุงูุงุช ุณูุฏุงุก - ุนุจุงูุงุช ...,https://unique-abaya.com/
61,ุนุจุงูุงุช,[],[],"2250 Likes, 66 Comments - Jamal Al Najadah (@jamal_collection) on Instagram: โุนุจุงูุงุช ุงูุฌูุงู ูุงูุงูุงูู ูู ุงููุตููู ุฎููุฏ ุงูููุน @aloooolooโ",https://www.instagram.com/p/CU8VOX-lrMZ/?hl=en
62,ุนุจุงูุงุช,[],[],"Model Number: BLK-3001R Product Description: A practical plain abaya with a French silk fabric, a robe compass on the front and stitched with a hidden ...",https://louzanabaya.com/en/%D8%B9%D8%A8%D8%A7%D9%8A%D8%A9-%D8%B3%D8%A7%D8%AF%D8%A9-%D8%B3%D9%88%D8%AF%D8%A7%D8%A1-%D8%A7%D9%85%D8%A7%D8%B1%D8%A7%D8%AA%D9%8A-%D8%B3%D8%AD%D8%A7%D8%A8/p395159047
63,ุนุจุงูุงุช,[],[],Model Number: BLU-5635 Product Description: The classic Pro Abaya is a medium length abaya designed in a practical and modern style.. Fabric: Classic Pro ...,https://louzanabaya.com/en/modern-abaya-with-classic-fabric-in-navy-modern/p535870769
64,ุนุจุงูุงุช,[],[],"Model Number: BLK-5603 Product description: An abaya with a woody fabric (open), an extra outer piece was added to it that can be tied at the waist, ...",https://louzanabaya.com/en/black-summer-abaya-with-an-extra-tie-arma-i/p1845344412
65,ุนุจุงูุงุช,[],[],"A stretchy veil with stripes patterns, light and soft and suitable to be worn in most times of the year - beige color..",https://louzanabaya.com/en/beige-stretch-scarf-line%2Fp446051957
66,ุนุจุงูุงุช,['ุนุจุงูุงุช'],[],Abaya Dubai. #Repost @tiii600 ุชุจูู ุนุจุงูุงุช ูุดุฎู ูุงูููู ุชุชููุฒูู ูููุง ุจุงูุดุชุงุก ุชุญุตููููู ุจุงูุงูุงููุช @abayat_syouf_kw @abayat_syouf_kw ...,https://www.pinterest.com/pin/799107527629710194/
67,ุนุจุงูุงุช,[],[],"Dec 11, 2017 - This Pin was discovered by Shathaomar. Discover (and save!) your own Pins on Pinterest.",https://www.pinterest.com/pin/713328028461688062/
68,ุนุจุงูุงุช,['ุนุจุงูุงุช'],[],ุนุจุงูุงุช ุฏูุชููุฒ (@details_abaya) on TikTok | 5.5M Likes. 428.8K Followers. ููู ุนุจุงูุฉ ุชูุงุตูู ุชุญูููุง ุงุทูุงูุชู โจ ุงูุชูุตูู ุฏุงุฎู ุงูููููุฉ ูู ููู ุงูู ุงุฑุจุน ุงูุงู ุนูู.,https://www.tiktok.com/@details_abaya?lang=en
69,ุนุจุงูุงุช,['ุนุจุงูุงุช'],[],ุนุจุงูุงุช ุฎููุฌู ุจุฑุงูุฏ ยท 23h ยท. ูุณุง ุงูููุฑ ูุงูุณุฑูุฑ ูุงููุฑุฏ ุงูููุซูุฑ โค๏ธ ุงูุชุธุฑููุง ุนูู ุฌุฑูุจุงุช ุงูุชุฎููุถุงุช ูุงูุชุตููุงุช ูููุชู ุจููุงุณุงุช ุงุณุชุซูุงุฆูู ูุฌูุฏู ุฎุฑุงููู ...,https://www.facebook.com/pages/category/Women-s-clothing-store/%D8%B9%D8%A8%D8%A7%D9%8A%D8%A7%D8%AA-%D8%AE%D9%84%D9%8A%D8%AC%D9%8A-%D8%A8%D8%B1%D8%A7%D9%86%D8%AF-244009229803256/
70,ุนุจุงูุงุช,['ุนุจุงูุงุช'],[],ุงูุตูุญุฉ ุงูุฑุฆูุณูุฉ ยท ุฌููุน ุงูููุชุฌุงุช ยท ูููุชูุฑุง ูููููุดู ยท ุนูุงู ููุชูุฑ ยท ุดูุท ุนูุงู ยท ุงูุฃูุงูุฉ ุงูุจุณูุทุฉ ยท ุงููุณุงุชูู ูุงูุจูุงุทูู ยท ุนุจุงูุงุช ุงูููุงุณุจุงุช ยท ุฌูุงุจูุงุช ุนูุงู ...,https://ananline.ae/
71,ุนุจุงูุงุช,['ุนุจุงูุงุช'],[],"24.2k Followers, 10 Following, 966 Posts - See Instagram photos and videos from ุนุจุงูุงุช ููุณุงุชูู ูุงูุง (ุงูุฌูุฑู ) . (@abayat.lana7)",https://www.instagram.com/abayat.lana7/?hl=en
72,ุนุจุงูุงุช,['ุนุจุงูุงุช'],[],"Sep 22, 2022 - ุดุฑุงุก ุนุจุงูุงุช | ุชุนุชุจุฑ ุงูุนุจุงูู ูู ุงูุฒู ุงูุฑุณูู ูู ูุนุธู ุงูุฏูู ุงูุนุฑุจูุฉ ูุงูุช ูู ุงูุณุงุจู ุงูุนุจุงูู ุงููุณุงุฆูู ุชุฎุชูู ุนู ุนุจุงูุฉ ุงูุงู ูู ุญูุซ ุงูุดูู ู ุงูุฎุงูุงุช ู ...",https://www.pinterest.com/pin/530932243569035570/
73,ุนุจุงูุงุช,['ุนุจุงูุงุช'],[],ุนุจุงูุงุช ุฅูุงุฑุงุชูุฉ 2012 โ 4 - ุญุณูุงุก. ุงูุนุจุงูุงุช ุงูุฎููุฌูุฉ ูู ุงูุซุฑ ุฃููุงุน ุงูุนุจุงูุงุช ุชุฏุงููุง ูู ุงูุนุงูู ุงูุนุฑุจู ุ ุชุชููุฒ ุจุจุณุงุทุชูุง ูุงูุงูุชูุง ุฅุถุงูุฉ ุฅูู.,https://www.pinterest.com/pin/628322585491407605/
74,ุนุจุงูุงุช,['ุนุจุงูุงุช'],[],"ุชุตููู ุดุนุงุฑ ุนุจุงูุงุช ุญูุงูู Arabic Art, Pencil Art Drawings, Engine, Calligraphy, Graphics. More like this. aamad2m ยท AHMED ALSADEK. 1k followers ...",https://www.pinterest.com/pin/572168327663393128/
75,ุนุจุงูุงุช,['ุนุจุงูุงุช'],[],"ุนุจุงูุงุช. 859 Pins. 10w. O. Collection by. Omar Fathy. Similar ideas popular now. Embroidery. Arabian Dress, Home Outfits, Algerian, N Girls, Hijab, ...",https://www.pinterest.com/omarfathy3010/%D8%B9%D8%A8%D8%A7%D9%8A%D8%A7%D8%AA/
76,ุนุจุงูุงุช,['ุนุจุงูุงุช'],[],SUBHAN ABAYAS on Instagram: โ#Repost @flooosha with @instatoolsapp ใปใปใป C O F F E E ใปใปใป #subhanabayas #ุงุฒูุงุก #ุนุจุงูุงุช #ุนุจุงูุฉ #ุฃูุงูุฉ #fashionblog ...,https://www.pinterest.com/pin/601582462703234225/
77,ุนุจุงูุงุช,['ุนุจุงูุงุช'],[],"Nov 27, 2017 - 235 Likes, 15 Comments - ุนุจุงูุงุช ุฃุฐูุงูู (@athwaqi) on Instagram: โ โค๏ธ โข โข โข ูุชููุฑู โจ โข โข โข โจุณุนุฑูุง: 40ุฑูุงู โจโ",https://www.pinterest.com/pin/250-likes-15-comments-athwaqi-on-instagram-40--466333736408265895/
78,ุนุจุงูุงุช,['ุนุจุงูุงุช'],[],"04/09/2022 - Explore ftoon qatar's board ""ุนุจุงูุงุช"" on Pinterest. See more ideas about ุชุทุฑูุฒ, ุฎูุงุทุฉ, ุฎุฑุฒ.",https://www.pinterest.com/ftoonqatar/%D8%B9%D8%A8%D8%A7%D9%8A%D8%A7%D8%AA/
79,ุนุจุงูุงุช,['ุนุจุงูุงุช'],[],ุนุจุงูุงุช ุฏููุงุฑ. (@diar.abayas) on TikTok | 349.6K Likes. 8.7K Followers. By saudi designer ุงูุทูุจ ุนู ุทุฑูู ุงููููุน -worldwide shipping- Sc: Diar.sa.,https://www.tiktok.com/@diar.abayas?lang=en
80,ุนุจุงูุงุช,['ุนุจุงูุงุช'],[],ุนุจุงูุงุช ุงูุจุฑุฌูู ููุฏู ููู ุชูุตูู ุงุญุฏุซ ุชุดูููุฉ ุจุฎุงูุงุช ุงุตููุฉ ูุน ุงููุงููุฉ ุชุบููุฑ ุงูููู ุญุณุจ ุงูุทูุจ ูุงุฎุชูุงุฑ ุงูููุงุณ ุงูููุงุณุจ ุ ูููุฑ ุฎุฏูุฉ ุงูุชูุตูู ููููุงุฒู ุงู ุงูุงุณุชูุงู ูู ...,https://www.barjeelfashion.com/
81,ุนุจุงูุงุช,"['ุนุจุงูุงุช', 'ุนุจุงูุงุช', 'ุนุจุงูุงุช', 'ุนุจุงูุงุช']",[],ุตูุฑ ุนุจุงูุงุช 2022 ูููุญุฌุจุงุช ุณูุฏุงุก ูุงููุงูุตูุฑ ุนุจุงูุงุช 2022ูุณุชุนุฑุถ ูุนุง ูุณููุง ุงุฌูู ููุฏููุงุช 2022 ุงูุชู ุชุฎุต ุนุจุงูุงุช ุงููุญุฌุจุงุช ูุงุฑูุน ุนุจุงูุงุช ุฎุฑูุฌ ุณูุฏุงุก ูุงููุงู ูุน ุนุฑุถ ููุตูุฑ ...,https://www.pinterest.com/pin/844002786432335266/
82,ุนุจุงูุงุช,[],[],"Oct 15, 2021 - This Pin was discovered by Sara Fashion. Discover (and save!) your own Pins on Pinterest.",https://www.pinterest.com/pin/871305859128789166/
83,ุนุจุงูุงุช,['ุนุจุงูุงุช'],[],"23/11/2022 - Explore ladies fashion's board ""ุนุจุงูุงุช ุฎููุฌูุฉ ููููุฉ ุฑุงุงููุฉ"" on Pinterest. See more ideas about ููุถุฉ, ููุงุจุณ, ูุณุงุชูู.",https://www.pinterest.com/bsea808/%D8%B9%D8%A8%D8%A7%D9%8A%D8%A7%D8%AA-%D8%AE%D9%84%D9%8A%D8%AC%D9%8A%D8%A9-%D9%85%D9%84%D9%88%D9%86%D8%A9-%D8%B1%D8%A7%D8%A7%D9%82%D9%8A%D8%A9/
84,ุนุจุงูุงุช,['ุนุจุงูุงุช'],[],"Mar 25, 2021 - 67 Likes, 4 Comments - Abayat | AB | ุนุจุงูุงุช (@abayat_ab) on Instagram: โOur abaya l Ayeleen l is one of a kind masterpiece that we wanted to ...",https://in.pinterest.com/pin/abayat--731835008198798290/
85,ุนุจุงูุงุช,"['ุนุจุงูุงุช', 'ุนุจุงูุงุช']",[],"... see screenshots, and learn more about ุนุจุงูุงุช ุฌููุฑุฉ. Download ุนุจุงูุงุช ุฌููุฑุฉ and enjoy it on your iPhone, iPad, and iPod touch.",https://apps.apple.com/us/app/%D8%B9%D8%A8%D8%A7%D9%8A%D8%A7%D8%AA-%D8%AC%D9%88%D9%87%D8%B1%D8%A9/id1481960464
86,ุนุจุงูุงุช,"['ุนุจุงูุงุช', 'ุนุจุงูุงุช', 'ุนุจุงูุงุช']",[],ุฃุญุฏุซ ุงูููุชุฌุงุช ยท ุงูุงูุซุฑ ูุจูุนุง ยท ุนุจุงูุงุช ุจ ุงูุซุฑ ูู ูุตู ยท ุนุจุงูุงุช ุนูููู ยท ุฃูุงูุซุฑ ูุจูุนุง ยท ุนุจุงูุงุช ุณูุงุฏ ยท ุฌููุน ุงูููุชุฌุงุช ยท ูุฒุงูุง ุงููุชุฌุฑ ...,https://jlnarabaya.com/
87,ุนุจุงูุงุช,['ุนุจุงูุงุช'],[],ุนุจุงูุงุช ุงูุฒูู (@alzain.abaya) on TikTok | 22K Likes. 7.1K Followers. ุงูุณุชูุฑุงู @Alzain.abaya Based one Bahrain 33255662 ููุทูุจ.Watch the latest video from ...,https://www.tiktok.com/@alzain.abaya?lang=en
88,ุนุจุงูุงุช,[],[],ูุจุณ ุงูุนุงููุฉ ูุน ูู ุงูุญุจ ูุงูุฑุงุญุฉ. ููุฏู ุดุนูุฑ ุงูุฑุงุญุฉ ูุงูุจุณุงุทุฉ ูุงูุณุนุงุฏุฉ ููู ุนูููุฉ. ุฑุคูุชูุง ุฃู ูุตุจุญ ููููู ุงูุนุจุงูุฉ ููููู ูุญุจุจ ููุฑุบูุจ ูุฑูุฒ ููุฌูุงู ูุงูุฃูุงูุฉ.,https://alsudairinouf.com/
89,ุนุจุงูุงุช,['ุนุจุงูุงุช'],[],"11.4k Followers, 11 Following, 151 Posts - See Instagram photos and videos from Thethreads | ุนุจุงูุงุช (@thethreads.abaya)",https://www.instagram.com/thethreads.abaya/?hl=en
90,ุนุจุงูุงุช,['ุนุจุงูุงุช'],[],ุนุจุงูุงุช ููููู ; 68. 287 SAR ; 67. 298 SAR ; 66. 276 SAR ; 65. 276 SAR ; 60. 225 SAR.,https://neabaya.com/en/category/zoodVz
91,ุนุจุงูุงุช,[],[],AD No 192176397 ุงูุฌุฏูุฏ ุดุฏูุฏ ูุตูุช ุงูุชุดูููุงุช ุงูุฌุฏูุฏุฉ ูุงูุฑุงููุฉ ูุฑููุจู ุนุจุงูุฉ ุจู ุจูุทููู ุงูุณุนุฑ 11 ุงูู ุจุชูุจุณ ูู 60 ู 90 ููุทูุจ ูุงูุงุณุชูุณุงุฑ ูุงุชุณ ููุท ...,https://sd.opensooq.com/en/search/192176397/%D8%B9%D8%A8%D8%A7%D9%8A%D8%A7%D8%AA
92,ุนุจุงูุงุช,['ุนุจุงูุงุช'],[],ุนุจุงูุงุช rv (@rv_abaya) on TikTok | 559.2K Likes. 48.9K Followers. -ูุณุฌู ูู ูุนุฑูู Instagram: rv.abaya 0551070334 ููุทูุจ ูู ุงููููุน .,https://www.tiktok.com/@rv_abaya
93,ุนุจุงูุงุช,[],[],"1.6K ูู ุชุณุฌููุงุช ุงูุฅุนุฌุงุจุ40 ูู ุงูุชุนูููุงุช.ููุฏูู TikTok(ุชูู ุชูู) ูู ุงููุงุชูุฉ ููุนุจุงูุงุช (@fat_n22): ""#ุนุจุงูุงุช #fyp #ุดุฑูุฑุฉ #ุงููุงุชูู"". original ...",https://www.tiktok.com/@fat_n22/video/7012748735692197122?lang=en
94,ุนุจุงูุงุช,[],[],"196 ูู ุชุณุฌููุงุช ุงูุฅุนุฌุงุจุููุฏูู TikTok(ุชูู ุชูู) ูู Laboga | ูุงุจููุง (@laboga.official): ""#laboga #fashion #ูุงุจููุง #ุนุจุงูุงุช #ูุณุงุชูู #ุงูุฑูุงุถ #ููุณู_ุงูุฑูุงุถ ...",https://www.tiktok.com/@laboga.official/video/7160776070940183809?lang=en
95,ุนุจุงูุงุช,[],[],"7826 Followers, 1271 Following, 509 Posts - See Instagram photos and videos from Triangle Abaya (@triangle_abaya)",https://www.instagram.com/triangle_abaya/?hl=en
96,ุนุจุงูุงุช,[],[],ุณุญุฑ ุนุจุงูุฉ ูุตููุนุฉ ูู ุงููุฑูุจ ุงูุจูุฌ ุงููุงุนู ุงููููุฌ ูุน ุจูุฑุฏุฑ ุงุจูุถ ุนู ุงูุงููุงู ูุทุฑู ุงูุนุจุงูุฉ ูู ุงูุงูุงู ููุง ูุฌุนููุง ุงูุณูุงุจูุฉ ูุงูููุฉ Sahar abaya is made of soft beige ...,https://thowby.com/products/sahar-abaya
97,ุนุจุงูุงุช,[],[],ูุฐุง ูู ูุถู ุฑุจู โค๏ธ ููุฏูู ุนููุงุช ุงูุนุจุงูุงุช ุงูุฎููุฌูู ุงูู ูููู 20 ุนุจุงูุฉ ุจุฏูู ุชูููู ุงุณุนุงุฑ ุฎุงุตู ูู ุงูู 50 ุนุจุงูู ุจุฏูู ุฏููููุงุช ููุงุฆู ูุน ุงููุงููู ...,https://m.facebook.com/tagerbalah/videos/%D8%B9%D8%A8%D8%A7%D9%8A%D8%A7%D8%AA-%D8%AE%D9%84%D9%8A%D8%AC%D9%8A-%D8%AC%D9%85%D9%84%D9%87-%D8%A8%D8%A7%D9%84%D9%82%D8%B7%D8%B9%D9%87-/485621859543091/
1,ุนุจุงูุงุช,['ุนุจุงูุงุช'],[],"ุนุจุงูุงุช ุฑุงููุฉ. Watch later. Share. Copy link. Info. Shopping. Tap to unmute. If playback doesn't begin shortly, try restarting your device.",https://www.youtube.com/watch?v=CixNuZWGtaw
2,ุนุจุงูุงุช,['ุนุจุงูุงุช'],[],ุงุญุฏุซ ุนุจุงูุงุช ุงุณุชูุจุงู ุฑูุนู 2. No views 22 seconds ago. ูุนุจ ูุฌุฏ ูุชุณุงูู. ูุนุจ ูุฌุฏ ูุชุณุงูู. 1.56K subscribers. Subscribe.,https://www.youtube.com/watch?v=DGjqe3ijeJc
3,ุนุจุงูุงุช,"['ุนุจุงูุงุช', 'ุนุจุงูุงุช', 'ุนุจุงูุงุช']",[],ูุงุณููู ุนุจุงูุชูู ูู ุงูููุง ุทูู ุงูุทุฑูู #ุนุจุงูุงุช #ุงูุณุนูุฏูุฉ #ุงูุฑูุงุถ #ุฌุฏุฉ. No views 21 seconds ago. ุนุจุงูุงุช ูุนุฏ. ุนุจุงูุงุช ูุนุฏ. 8.25K subscribers.,https://www.youtube.com/watch?v=R-TclrRF0Cc
4,ุนุจุงูุงุช,['ุนุจุงูุฉ'],[],"ุนุจุงูุฉ ุดููุงู ุดุชููุฉ ุจูู ุนูุฏู. Watch later. Share. Copy link. Info. Shopping. Tap to unmute. If playback doesn't begin shortly, try restarting ...",https://www.youtube.com/watch?v=__ZxSxwGzLQ
5,ุนุจุงูุงุช,"['ุงูุนุจุงูู', 'ุนุจุงูู']",[],75 ุฌููู ุงูุนุจุงูู ุนุฑูุถ ูุชุชุนูุถุชุด ุดุชูู ูุตููู ูุชุญุชุงุฑู ุงููู ุนุจุงูู ุงุญูู ูู ุงูุชุงููู ุชูุจุณ ูุญุฏ 4xl . xXููุงู ุจูุงุชXx. xXููุงู ุจูุงุชXx.,https://www.youtube.com/watch?v=HFkmBRORLN4
6,ุนุจุงูุงุช,"['ุนุจุงูุงุช', 'ุนุจุงูุงุช']",[],Easy Hand Sign Detection | American Sign Language ASL | Computer Vision ยท ุนุจุงูุงุช ุฏุจู ููุณ ุงุชูุตู ูุชุณ 0576512081 ยท ุนุจุงูุงุช ุฑูู ุญููู ุงูุงูู ุชุฑุฏ # ...,https://www.youtube.com/watch?v=OuXInNpqdnY
7,ุนุจุงูุงุช,['ุนุจุงูุงุช'],[],Mutual TLS | The Backend Engineering Show ยท ุนุจุงูุงุช ูุฑุฏุงุณุฉ ุงูุฎุงูู ุชุงูุณู ุงูุดุนุฑ 135 ููุฌููู ูุชุงุญ ูููุงุช ยท ุนุฑุถ ุฑุงุณ ุงูุณูู ุงููู ููุฏููุงุช ุงูุตููู ูุงูุดุชูู ูู ...,https://www.youtube.com/watch?v=UGxSX0xDrdY
8,ุนุจุงูุงุช,['ุนุจุงูุงุช'],[],ุนุจุงูุงุช ุชููุณูุฉ. No views 46 seconds ago. ุฃู ุดูุงุก. ุฃู ุดูุงุก. 50 subscribers. Subscribe. 0. I like this. I dislike this.,https://www.youtube.com/watch?v=Z9dFe53BRJg
9,ุนุจุงูุงุช,"['Abaya', 'abaya']",[],"Abaya Set. Light black abaya made of maria fabric, comes with an inner dress and folded sleeves. AED 299. Size Guide. or Split it into 3 payments of AED ...",https://www.boksha.com/en/product/--808
10,ุนุจุงูุงุช,['ุนุจุงูุงุช'],[],ุนุจุงูุงุช ููุฑุฉ ุณูุงุจ. No views 20 seconds ago. wonders of the world. wonders of the world. Subscribe. 0. I like this. I dislike this.,https://www.youtube.com/watch?v=jWf5YvyoK3Q
11,ุนุจุงูุงุช,"['ุนุจุงูุฉ', 'ุนุจุงูุงุช', 'ุนุจุงูุงุช']",[],ุฌุง ุงูุดุชุงุก ูุงุดุชุฑูุช ุนุจุงูุฉ ุดุชููุฉ ู ุฏุฎูุช ุงูุฌุงูุนู ุนูู ุงุณุงุณ ุงูุง ุงูุดุฎ ูุญุฏู ุจุณ... #ุงูุฑูุงุถ #ุงูุณุนูุฏูุฉ #ุฌุฏุฉ. ุนุจุงูุงุช ูุณู. ุนุจุงูุงุช ูุณู.,https://www.youtube.com/watch?v=kGy-mb8n4QU
12,ุนุจุงูุงุช,['ุนุจุงูุฉ'],[],ุนุจุงูุฉ ุดุชููุฉ ุจููุนูู ููุงุด. No views 23 seconds ago. ูููููุชุง ุจูุชูู. ูููููุชุง ุจูุชูู. 494 subscribers. Subscribe. 0. I like this. I dislike this.,https://www.youtube.com/watch?v=e59aknc9fqc
13,ุนุจุงูุงุช,['ุนุจุงูุงุช'],[],"ุนุจุงูุงุช ุงุฒุงุฑ ุญููู ุชุฑูุฏ. Watch later. Share. Copy link. Info. Shopping. Tap to unmute. If playback doesn't begin shortly, try restarting your ...",https://www.youtube.com/watch?v=C4bb6hSIN8M
14,ุนุจุงูุงุช,"['Abaya', 'abaya', 'abaya', 'abaya']",[],Abaya..#abaya. 4 views 3 days ago. abaya. abaya. 36 subscribers. Subscribe. 1. I like this. I dislike this.,https://www.youtube.com/watch?v=0xU_3u3Y-r8
15,ุนุจุงูุงุช,[],[],AboutPressCopyrightContact usCreatorsAdvertiseDevelopersTermsPrivacyPolicy & SafetyHow YouTube worksTest new features. ยฉ 2023 Google LLC.,https://www.youtube.com/watch?v=qf9gdaRraPY
16,ุนุจุงูุงุช,"['ุนุจุงูุงุช', 'abaya', 'ุนุจุงูู', 'ุนุจุงูู']",[],ุงูุงุชููู #ุนุจุงูุงุช #ุนุจุงูุงุช_ููุฏุฑู #abaya #ุนุจุงูุงุช_ุญููุฉ #ุนุจุงูุงุช_ุดูุฎุฉ #ุนุจุงูุงุช_ูููุชูู #ุนุจุงูุฉ #ุนุจุงูู #ุนุจุงูุฉ #ุนุจุงูู #ุนุจุงูุงุช_ููุฏุฑู #ุนุจุงูุงุช_ุงุณุชูุจุงู ...,https://www.youtube.com/watch?v=LS6dr-oecuY
17,ุนุจุงูุงุช,['ุนุจุงูุฉ'],[],ุนุจุงูุฉ ุดุชููุฉ ุจุงุถุงูุฉ ุงููุฎูู. No views 29 seconds ago. Dar emtnan. Dar emtnan. 69 subscribers. Subscribe. 0. I like this. I dislike this.,https://www.youtube.com/watch?v=v2EM0iczaEE
18,ุนุจุงูุงุช,[],[],shorts #short #trending #subscribe #freefire #youtubeshorts #youtube #ytshorts #youtuber #youtubeshort #youtubechannel #shortsfeed #status ...,https://www.youtube.com/watch?v=DxW_FUBmuw8
19,ุนุจุงูุงุช,['ุนุจุงูุงุช'],[],ุงููู ุนุฑูู ุจุงูุนุฑุงููููู #ุตูุชูุงุช #ูุชุจ #ุณุชูุฑูุงุช #ุถูู #ุญุฒู #ุนุชุงุจ #ุนุจุงูุงุช. No views 44 seconds ago. ุงููููุฆ Al-Baghdadi. ุงููููุฆ Al-Baghdadi.,https://www.youtube.com/watch?v=j2hIrJXpH9k
20,ุนุจุงูุงุช,"['abaya', 'abaya', 'abaya', 'abaya', 'abaya', 'abaya']",[],"abaya,abaya 2023 design,2023 abaya design,dubai abaya design,new abaya design,new designer abaya 2022,#abayadesigns,#abayadesigns2022 ...",https://www.youtube.com/watch?v=8nFOUhVeklw
21,ุนุจุงูุงุช,"['abaya', 'abaya']",[],Today vedio abouts New borka hijab collection 2022& dubai abaya&abaya designs 2022.Today our video topic is abaya design and dubai abaya ...,https://www.youtube.com/watch?v=H1enDB8_dr0
22,ุนุจุงูุงุช,"['ุนุจุงูุงุช', 'ุนุจุงูุงุช', 'ุนุจุงูุงุช', 'ุนุจุงูุงุช']",[],ุนุจุงูุงุช.ุนุจุงูุงุช ุชุฑููุฉ.ุนุจุงูุงุช ุทูููุฉ.ุนุจุงูุงุช 2020.ููุฉ ุญุฌุงุจ ูููุฌู ุงูุฏุงูุฑู.ูู ุญุฌุงุจ ูููุฌู ุงูุทููู.ููุงุช ุญุฌุงุจ ููุนูุฏ.ููุงุช ุญุฌุงุจ ุฌุฏูุฏุฉ.ููุงุช ุชุฑููุฉ ุฌุฏูุฏุฉ.,https://www.youtube.com/watch?v=3h6aH-xeb-E
23,ุนุจุงูุงุช,['ุนุจุงูุงุช'],[],ููููู ุงูุงุฎูุงุช ููุงุก ุฌุงุช ูุฌุงุจุช ุงูุฌุฏูุฏ ุฏุฎูู ุชุดููู ุฒุงุฒ. 10 watching now Started streaming 76 seconds ago. ุนุจุงูุงุช ููุงุก ุฃู ูุงุณุฑ.,https://www.youtube.com/watch?v=c4ME9KY6lEU
24,ุนุจุงูุงุช,[],[],"9.8m Followers, 8 Following, 5817 Posts - See Instagram photos and videos from Miu Miu (@miumiu)",https://www.instagram.com/miumiu/
25,ุนุจุงูุงุช,['ุนุจุงูู'],[],[ ุนุจุงูู ุดุบู ุชุทุฑูุฒ ุฎูุงุทุฉ ูุฏ ุจุฃููู ุงูุทูู ~ ููุณ ูุฒุญ ~ ] . ~ Stay tuned ~ . . . #explore #oman #muscat #oman_business #.,https://www.instagram.com/_u/sweara_collection
26,ุนุจุงูุงุช,[],[],"12.4m Followers, 0 Following, 2592 Posts - See Instagram photos and videos from Hermรจs (@hermes)",https://www.instagram.com/hermes/
27,ุนุจุงูุงุช,[],[],"29.5m Followers, 3 Following, 12.9k Posts - See Instagram photos and videos from Dolce&Gabbana (@dolcegabbana)",https://www.instagram.com/dolcegabbana/
28,ุนุจุงูุงุช,[],[],"Online shopping for all your Apparel & Footwear needs at our one-stop store in the KSA. Find Clothing, Footwear, Accessories, and more for Men, Women, ...",https://sa.redtagfashion.com/
29,ุนุจุงูุงุช,['ุนุจุงูุฉ'],[],ุงุฌูู ููุงุจุณ ุดุชุงุก 2023 ุ ูุณุงุชูู ุ ุนุจุงูุฉ ุ ููุงุจุณ ุฑูููููุนุฉ. No views 1 minute ago. ููุชูู ุณูุฑ Moltaka Samr. ููุชูู ุณูุฑ Moltaka Samr.,https://www.youtube.com/watch?v=B5M-y3VZxyE
30,ุนุจุงูุงุช,['abaya'],[],Top abaya sleeves designs #shorts #youtubeshorts #abayadesigns #gowndesigns. No views 15 seconds ago. Review time. Review time.,https://www.youtube.com/watch?v=GjM3DjeASyU
31,ุนุจุงูุงุช,['ุนุจุงูู'],[],ุนุจุงูู ุงุณุชูุจุงู ูุทููู ูุดุชุงุก 2023. No views 27 seconds ago. Roka Gogo. Roka Gogo. 978 subscribers. Subscribe. 0. I like this. I dislike this.,https://www.youtube.com/watch?v=U5TgXtX927k
32,ุนุจุงูุงุช,"['abaya', 'abaya', 'Abaya', 'Abaya', 'Abaya', 'Abaya', 'Abaya']",[],#abaya #black abaya/Abaya Design/Trending Abaya/handwork Abaya/Simple Abaya/Abaya model. Rosi Rizz. Rosi Rizz.,https://www.youtube.com/watch?v=3021GKqDsZg
33,ุนุจุงูุงุช,['ุนุจุงูุฉ'],[],ูุตุงูุฉ ุนุจุงูุฉ ุจุณูููุฉ ูููุจุชุฏุฆูู ุจุงูุชูุทูุนุฉ. No views 2 minutes ago. Naima Sahara. Naima Sahara. 64 subscribers. Subscribe.,https://www.youtube.com/watch?v=u_Ug4bRmTjE
34,ุนุจุงูุงุช,"['Abaya', 'abaya', 'Abaya']",[],"Different types of Abaya 2022/New collection abaya design ยท Abaya new design 2023#abayadesigns, #abayadesigns2023#onlineabayadesigns# ...",https://www.youtube.com/watch?v=I8ohRmUj4Gg
35,ุนุจุงูุงุช,['ุงูุนุจุงูุงุช'],[],ุงุฎุฑ ูุง ูุงูู ูู ุงูุนุจุงูุงุช ุชุฑููู ุดู ุญุงุฌู ุดูู ููุงุฏุงุฑุงุชุด. No views 3 minutes ago. ุนุงูู ุงู ุงููุฑุฉ 3alam om amira.,https://www.youtube.com/watch?v=ih1mELwSfDM
36,ุนุจุงูุงุช,"['abaya', 'ุนุจุงูุงุช']",[],"Find the most beautiful abayas, abaya gowns, evening dresses, Shop MODANISA ... ูุชุฌุฑ ูุฌูุงุจูุจ ูุณุงุฆูุฉุ ุญุฌุงุจุ ุนุจุงูุงุชุ ุฃูุดุญุฉ ูุงููุฒูุฏ Shop for the most stunning ...",https://studioavvcarletti.it/modanisa-dresses.html
37,ุนุจุงูุงุช,[],[],"1m Followers, 1255 Following, 7197 Posts - See Instagram photos and videos from Liberty London (@libertylondon)",https://www.instagram.com/libertylondon/
38,ุนุจุงูุงุช,"['ุนุจุงูุฉ', 'ุนุจุงูุฉ', 'ุนุจุงูุฉ', 'ุนุจุงูุฉ']",[],ูุฃุจู ุนุจุงูุฉ : ูู ููุณ ุจู ุนุจุงูุฉุ ููู ุฃุจู ูุนุงูุฉุ ูุญุฏูุซ ุนุจุฏ ุงููู ุจู ูุบููุ ูุญุฏูุซ ุณุนุฏ ูุฎุฑุฌู ููุณ ุจู ุนุจุงูุฉุ ููุฏ ุตุฑุญ ุงูุญุณููู ูู ุงูุฅููุงู ุฃู ุฃุจุง ุนุจุงูุฉ ุ ูู ููุณ ุจู ...,https://books.google.co.id/books?id=b9kPCwAAQBAJ&pg=PT319&lpg=PT319&dq=%D8%B9%D8%A8%D8%A7%D9%8A%D8%A7%D8%AA&source=bl&ots=0snUE7kVC_&sig=ACfU3U170x6MCwP1Rcd0J-CqYZgHYwNwdQ&hl=id&sa=X&ved=2ahUKEwixi9u5pbD8AhXvnXIEHTk3B6c4rAIQ6AF6BQiFAhAD
39,ุนุจุงูุงุช,['Abaya'],[],Sweatpants ยท Tracksuit Dress ยท Tracksuit Set ยท Tracksuit Tunic ยท Skirt ยท Skirted Suit ยท Abaya ยท Dress up ยท Coat ยท Overcoat ยท Trousers ยท Pants Suit ยท Topcoat.,https://www.alvinaonline.com/
40,ุนุจุงูุงุช,[],[],"An urban, sophisticated and effortless collection of style. ยท NewInWomen's profile picture. NewInWomen ยท NewInMen's profile picture. NewInMen ยท Stores's profile ...",https://www.instagram.com/massimodutti/
41,ุนุจุงูุงุช,[],[],"15.2m Followers, 688 Following, 1727 Posts - See Instagram photos and videos from Adriana Lima (@adrianalima)",https://www.instagram.com/adrianalima/?hl=id
42,ุนุจุงูุงุช,['ุนุจุงูุฉ'],[],ุชูุตูู ุนุจุงูุฉ ุงุทูุงู. No views 40 seconds ago. ุชูุตูู ูุฅุนุงุฏุฉ ุชุฏููุฑ(ุฃู ุดูุฏ). ุชูุตูู ูุฅุนุงุฏุฉ ุชุฏููุฑ(ุฃู ุดูุฏ). 24 subscribers. Subscribe.,https://www.youtube.com/watch?v=cIzI9S4ZH3A
43,ุนุจุงูุงุช,"['ุนุจุงูุฉ', 'ุนุจุงูุงุช']",[],ุฃุตุญุงุจ ) ุตุฏูุฉ ุตูุฑ ุตูู - ูุตูู ุตูุงุฉ ูุตูู ( ุฌ . ูุตููู ) ุตูุงู ุทุงุจูุฑ ุนุจุงูุฉ ( ุฌ . ุนุจุงูุงุช ) ุชุนุฑุถ - ูุชุนุฑุถ ( ุฅูู ) ุนุทุฑ ( ุฌ . ุนุทูุฑ ) ุนุงููุฉ ุงูู * ุนุงูู ( ุฌ .,https://books.google.co.id/books?id=ddyIEAAAQBAJ&pg=PT392&lpg=PT392&dq=%D8%B9%D8%A8%D8%A7%D9%8A%D8%A7%D8%AA&source=bl&ots=kEECId4NTL&sig=ACfU3U00VE35lYrXWMQHDzjiY2VdAenDWg&hl=id&sa=X&ved=2ahUKEwixi9u5pbD8AhXvnXIEHTk3B6c4rAIQ6AF6BQiAAhAD
44,ุนุจุงูุงุช,['ุนุจุงูุฉ'],[],ุนุจุงูุฉ + ุดุงู# ููุงุด ุฑูุนุฉ โค. No views 19 seconds ago. Nada Idris. Nada Idris. 639 subscribers. Subscribe. 0. I like this. I dislike this.,https://www.youtube.com/watch?v=hp2BQGxv9lQ
45,ุนุจุงูุงุช,['ุงูุนุจุงูุฉ'],[],ุงููุณูุงู ููุง ูุฎูุนู ุงูุนุจุงูุฉ #ููุงุทุน_ูุถุญูุฉ #ุงุจููุงุณ. No views 40 seconds ago. ุงุถุญู ูุน ููุณ ูููุณ. ุงุถุญู ูุน ููุณ ูููุณ. 5.34K subscribers.,https://www.youtube.com/watch?v=RJQX5TOO1bI
46,ุนุจุงูุงุช,['ุงูุนุจุงูุฉ'],[],ุงูุนุจุงูุฉ ุงูุงูุงุฑุช. 2 views 9 minutes ago. Al Azyae Al Charqiya. Al Azyae Al Charqiya. Subscribe. 1. I like this. I dislike this.,https://www.youtube.com/watch?v=uS5bRAqUFUk
47,ุนุจุงูุงุช,['ุนุจุงูุฉ'],[],ุน ุน ุน ุน ู ู ู ุน ู ุน ุงูู ูุฏ ูุชุฏ ูุฏ ุนุฏ ุนุฏ ุจุนุฏ ุนุฏ ู ุน ุน ุน ุน ุน ุน ุญ ู ู ุฌ ุชู - ูุดููุ ุนู ุฃุจู ุจูุฌุ ุนู ุนุจุงูุฉ ุจู ุฑูุงุนุฉุ ุฃู ุฌุฏู ูุงุช. ูุฃุฎุฑุฌู ุงูุทุจุฑุงูู ูู ยซุงููุจูุฑยป ...,https://books.google.co.id/books?id=WoNLCwAAQBAJ&pg=PT504&lpg=PT504&dq=%D8%B9%D8%A8%D8%A7%D9%8A%D8%A7%D8%AA&source=bl&ots=tYQd61tzXI&sig=ACfU3U1gWtfyydDAcp30j3Zfx6wr9cTheQ&hl=id&sa=X&ved=2ahUKEwixi9u5pbD8AhXvnXIEHTk3B6c4rAIQ6AF6BQiCAhAD
48,ุนุจุงูุงุช,['ุนุจุงูุฉ'],[],ูุงุฎุชูู ุนูู: ูุฑูุงู ุณูููุงู ุงูุซูุฑูุ ูุฃุฎูู ุนูููุฑ ุจู ุณุนูุฏุ ุนู ุฃุจูููุงุ ุนู ุนุจุงูุฉ ุจู ุฑูุงุนุฉ ููุฑุณูุงุ ุฃู ูุง . ุน ูุชู ูุงูุช ุนู ุนูููุฑ ูุฑููุนุง ุฅูู ุงููุจู ููุฉ.,https://books.google.co.id/books?id=83VKCwAAQBAJ&pg=PT1004&lpg=PT1004&dq=%D8%B9%D8%A8%D8%A7%D9%8A%D8%A7%D8%AA&source=bl&ots=2NUO89dmF5&sig=ACfU3U3Idd3FyZLfVMvc8JlySirXbJWVwQ&hl=id&sa=X&ved=2ahUKEwixi9u5pbD8AhXvnXIEHTk3B6c4rAIQ6AF6BQiJAhAD
49,ุนุจุงูุงุช,['ุนุจุงูุฉ'],[],#ุดุชุงุก. ุนุจุงูุฉ ุจุดุช ุดุชููุฉ. No views 42 seconds ago. Dar emtnan. Dar emtnan. 69 subscribers. Subscribe. 0. I like this. I dislike this. Share.,https://www.youtube.com/watch?v=ZFOXcEKxFt4
50,ุนุจุงูุงุช,['ุนุจุงูู'],[],ุงู ุนุจุงูู. No views 33 seconds ago. ุนุงุดูุฉ ุงู ุงูุจููู. ุนุงุดูุฉ ุงู ุงูุจููู. 10 subscribers. Subscribe. 0. I like this. I dislike this.,https://www.youtube.com/watch?v=Le0aTthkKv8
51,ุนุจุงูุงุช,['ุงูุนุจุงูู'],[],ุฌุจุชูู ุน ุงูุนุจุงูู ุงูุณูู ููุง. 32 views 12 minutes ago. ูุตุต ูุญูุงูุงุช. ูุตุต ูุญูุงูุงุช. 1.13K subscribers. Subscribe. Like. I like this.,https://www.youtube.com/watch?v=C2GeT-LtrT0
52,ุนุจุงูุงุช,['phrases'],[],"Keywords Everywhere lets you find long-tail phrases with their accurate search volume, CPC and competition data. Save time using Keywords Everywhere.",https://keywordseverywhere.com/
53,ุนุจุงูุงุช,['ุนุจุงูุฉ'],[],"ูุณุชุงู ุนุจุงูุฉ ุฌููู ุงูู 2023. Watch later. Share. Copy link. Info. Shopping. Tap to unmute. If playback doesn't begin shortly, try restarting ...",https://www.youtube.com/watch?v=Phy4N79M3Mc
54,ุนุจุงูุงุช,['ุนุจุงูุฉ'],[],ุฌูุฑุฌููุง ูุงุจุณุฉ ุนุจุงูุฉ . No views 48 seconds ago. Jana Gaming . Jana Gaming . 163 subscribers. Subscribe. 0. I like this. I dislike this.,https://www.youtube.com/watch?v=9HSSR1owcrg
55,ุนุจุงูุงุช,"['ุนุจุงูุงุช', 'ุนุจุงูุงุช']",[],ุนุจุงูุงุช ุงุฒุงุฑ ุดุชููู. ูุชุฌุฑ ุงููุตูู ุงู ุฑูู. ูุชุฌุฑ ุงููุตูู ุงู ุฑูู ... ุนุจุงูุงุช ุจูุงุช ุญููู. ูุชุฌุฑ ุงููุตูู ุงู ุฑูู. ูุชุฌุฑ ุงููุตูู ุงู ุฑูู.,https://www.youtube.com/watch?v=a2IU_ZiOjIY
56,ุนุจุงูุงุช,"['Abaya', 'ุนุจุงูุงุช']",[],Arabic Abaya Designs 2022 New Abayas Designs. Anoob Fashions ... ุฃุญุฏุซ ููุฏููุงุช ุนุจุงูุงุช ุชุฑููุฉ ููุฎุฑูุฌ ุชุตุงููู ุฌุฏูุฏุฉ ูุฑุงุฆุนุฉ โค.,https://www.youtube.com/watch?v=NSgZUXpYS_o
57,ุนุจุงูุงุช,['ุนุจุงูุฉ'],[],ุนุจุงูุฉ ูุฑูุญู ุงููุฑูุญู. No views 31 seconds ago. ูููุนุงุช 2022. ูููุนุงุช 2022. 883 subscribers. Subscribe. 0. I like this. I dislike this.,https://www.youtube.com/watch?v=XdqTwmfrNtM
58,ุนุจุงูุงุช,"['ุนุจุงูุงุช', 'ุนุจุงูุงุช', 'ุนุจุงูุงุช', 'ุนุจุงูุงุช']",[],ุนุจุงูุงุช.ุนุจุงูุงุช ุชุฑููุฉ.ุนุจุงูุงุช ุทูููุฉ.ุนุจุงูุงุช 2023 .ููุฉ ุญุฌุงุจ ูููุฌู ุงูุฏุงูุฑู.ูู ุญุฌุงุจ ูููุฌู ุงูุทููู.ููุงุช ุญุฌุงุจ ููุนูุฏ.ููุงุช ุญุฌุงุจ ุฌุฏูุฏุฉ.ููุงุช ุชุฑููุฉ ุฌุฏูุฏุฉ.,https://www.youtube.com/watch?v=pZodv1NFbDM
59,ุนุจุงูุงุช,"['ุนุจุงูุงุช', 'abaya', 'ุนุจุงูุงุช']",[],#ุนุจุงูุงุช #ุนุจุงูุงุช_ูุฎูู ุนุจุงูุง#shorts #abaya #clothes. Duduz Life. Duduz Life ... #shorts #ุนุจุงูุงุช #ุนุจุงูุงุช_ูุฎูู #clothes. Duduz Life. Duduz Life.,https://www.youtube.com/watch?v=z5enFQ22gak
60,ุนุจุงูุงุช,['ููุนุจุงูุงุช'],[],ุจุณู ุงููู โค๏ธ ูุชุญ ุจุงูู ุจูุทููู ุญุฑููู ุฌููุฒ ูุนุฑุถ ููุนุจุงูุงุช ุงูุฎููุฌู ููุทูุจ ูุงูุงุณุชูุณุงุฑ ุงูุงุชุตุงู ุนูู โฆ Show more. Show more. Show less.,https://www.youtube.com/watch?v=X4V6I07eJUs
61,ุนุจุงูุงุช,[],[],Nancy Ajram - Ah W Noss (Official Music Video) / ูุงูุณู ุนุฌุฑู - ุงู ู ูุตSubscribe to the official channel of Nancy Ajram http://bit.ly/1g0htMX ...,https://www.youtube.com/watch?v=t_L2nc1MAIU
62,ุนุจุงูุงุช,"['ุนุจุงูุฉ', 'ุนุจุงูุงุช', 'ุนุจุงูุฉ', 'ุนุจุงูุฉ', 'ุนุจุงูุฉ', 'ุนุจุงูุฉ']",[],"... ุบูุฑ ุฎูุงุทุฉ,ุฎูุงุทุฉ ุนุจุงูุฉ ุฎููุฌูุฉ,ุฎูุงุทุฉ ุนุจุงูุงุช,ุฎูุงุทุฉ ุนุตุฑูุฉ,ุฎูุงุทุฉ ุนุจุงูุฉ ููุชูุญุฉ,ุฎูุงุทุฉ ุนุจุงูุฉ ูููุด,ุฎูุงุทุฉ ุนูู ูุนูุฏุฉ,ุฎูุงุทุฉ ุนุจุงูุฉ ุงูุตูุงุฉ,ุฎูุงุทุฉ ุนุจุงูุฉ ...",https://www.youtube.com/watch?v=3aVb7Av83sQ
63,ุนุจุงูุงุช,['Abaya'],[],Trenรง ve Kap ยท Kaban ve Mont ยท Kap ve Pardesรผ ยท Yelek ยท Ceket ยท Kimono ยท Abaya ยท Ferace ยท รocuk / Genรง Ferace ยท Tรผmรผnรผ Gรถr ยป. BAลรRTร.,https://www.modasena.com/
64,ุนุจุงูุงุช,"['ุนุจุงูุงุช', 'ุนุจุงูุงุช']",[],ููููู ุงูุงุฎูุงุช ููุงุก ุฌุงุช ูุฌุงุจุช ุงูุฌุฏูุฏ ุฏุฎูู ุชุดููู ุฒุงุฒ. ุนุจุงูุงุช ููุงุก ุฃู ูุงุณุฑ. ุนุจุงูุงุช ููุงุก ุฃู ูุงุณุฑ. โข. โข. 15 watching. LIVE ...,https://www.youtube.com/watch?v=gs3zEawTAQY
65,ุนุจุงูุงุช,"['ุนุจุงูุงุช', 'ููุนุจุงูุงุช']",[],"... ูููุฑุง,ูุทููุฉ ููุงุด,ููุงุด ุงููุทููู,ููุงุด ูุทููุฉ ุดุชูู,ุงุณุนุงุฑ ููุงุด ูุทููู ูููุฑุง,ููุงุด ูุทููุฉ ุนุจุงูุงุช,ููุงุด ูุทููุฉ ูููุณุงุชูู,ููุงุด ูุทููุฉ ููุนุจุงูุงุช,ูุทููุฉ ...",https://www.youtube.com/watch?v=QEnX4SNqRGM
66,ุนุจุงูุงุช,"['ุนุจุงูุงุช', 'ุนุจุงูุงุช']",[],ููููู ุงูุงุฎูุงุช ููุงุก ุฌุงุช ูุฌุงุจุช ุงูุฌุฏูุฏ ุฏุฎูู ุชุดููู ุฒุงุฒ. ุนุจุงูุงุช ููุงุก ุฃู ูุงุณุฑ. ุนุจุงูุงุช ููุงุก ุฃู ูุงุณุฑ. โข. โข. 15 watching. LIVE ...,https://www.youtube.com/watch?v=ssDjlAPnaUQ
67,ุนุจุงูุงุช,['ุนุจุงูุงุช'],[],ุนุจุงูุงุช ุนุฑูู ุชุญูุฉ ูู ุงููุทููู ุงููุงุนูู. ุฏูุง_ุงูุจููุช Dfa albeut . ุฏูุง_ุงูุจููุช Dfa albeut . โข. โข. 378 views 4 days ago.,https://www.youtube.com/watch?v=KksdN_jQGKs
68,ุนุจุงูุงุช,['ุงูุนุจุงูุงุช'],[],ุฏุฑูุณ ุชุทุฑูุฒ ูุฏูู ุจุงูุฎููุท ู ุงููุงุฑ ูุนูู ุงูุทุงุฑุงุช ู ุงูููุงุฏูู ู ุงูููุงุฑุด ู ุชุทุฑูุฒ ุงููุณุงุชูู ู ุงูุนุจุงูุงุช ุจุทุฑููุฉ ุณููุฉ ูุชููู ุดูุฑุง ุนูู ุงููุดุงูุฏุฉ ุุุ โฆ,https://www.youtube.com/watch?v=y_fLmpHuPPo
69,ุนุจุงูุงุช,"['ุนุจุงูุงุช', 'ุนุจุงูุงุช']",[],ุฑูุงุก ููุฉ ูุงูุงุซููุฉ ุงูุฎูุงููุฉ ูุน ุฌูุฏุฉ ุงูููุชุฌ ูููุงุฑุงุช ุดุงู ููุฑูุฑ ูููุงุฑ ุจุงูุตุฏู ุนุจุงูุงุช ุณูุฏุงุก ุนุจุงูุงุช ูุถูุงุถุฉ. ุฑูุงุก ููุฉ ููุจุงุณ ุงููุญุฌุจุงุช.,https://www.youtube.com/watch?v=HC6VG2Cd6Vw
70,ุนุจุงูุงุช,"['Abaya', 'Abaya']",[],"Mode Abaya ยท Mode Hijab ยท Classy Work Outfits ยท Classy Dress ยท Abaya Fashion, Fashion Line, Suit Fashion, Winter Fashion Outfits, Boho Fashion, ...",https://no.pinterest.com/naimakheiracheboub/tenue-hydjab/
71,ุนุจุงูุงุช,"['phrases', 'abaya']",[],"Useful German travel phrases audio pronunciation-John Dennis G. How to ... Pronunciation of Dom abaya with 1 audio pronunciation, 4 translations and more ...",https://akgf.lagomsolutions.it/how-to-pronounce-abcya.html
72,ุนุจุงูุงุช,[],[],"554k Followers, 100 Following, 2734 Posts - See Instagram photos and videos from DAMAS JEWELLERY (@damasjewellery)",https://www.instagram.com/damasjewellery/?hl=id
73,ุนุจุงูุงุช,"['abaya', 'phrases']",[],How to pronounce Dom abaya. How to Cancel ABCya Games Subscription on your iPhone or iPad. Useful German travel phrases audio pronunciation-John Dennis G.,https://ykeb.momentidisicilia.it/how-to-pronounce-abcya.html
74,ุนุจุงูุงุช,['ุงูุนุจุงูุฉ'],[],ูุงุจุณุฉ ุงูุนุจุงูุฉ ุจุณ ูููู ุฒูุฌู ูุนุฑููุง โฆ Show more. Show more. Show less. Comments. Add a comment... ูุงุฑุจ ุงูููุทุน ูุง ููุตู ูุฒูุฌู. No viewsNo views.,https://www.youtube.com/watch?v=qxslzpbUpo8
75,ุนุจุงูุงุช,['ุนุจุงูุงุช'],[],... ุชุฎุฑุฌ ุดููุฉ ุชุฎุฑุฌ ุจุฏูู ููุณููู ุงุบุงูู ุชุฎุฑุฌ ุงูุงุดูุฏ ุชุฎุฑุฌ ุงุบููู ุชุฎุฑุฌ ุดููุงุช ุชุฎุฑุฌ ุดููุงุช ุชุฎุฑุฌ ุฒูุงุช ุชุฎุฑุฌ ุงูุดูุฏู ุชุฎุฑุฌ ุนุจุงูุงุช ุชุฎุฑุฌ ุฒูุงุช ุชุฎุฑุฌ ุฒูู ุชุฎุฑุฌ ...,https://www.youtube.com/watch?v=TRX9CXOfXck
76,ุนุจุงูุงุช,"['ุนุจุงูุงุช', 'ุนุจุงูุงุช']",[],ููููู ุงูุงุฎูุงุช ููุงุก ุฌุงุช ูุฌุงุจุช ุงูุฌุฏูุฏ ุฏุฎูู ุชุดููู ุฒุงุฒ. ุนุจุงูุงุช ููุงุก ุฃู ูุงุณุฑ. ุนุจุงูุงุช ููุงุก ุฃู ูุงุณุฑ. โข. โข. 20 watching. LIVE ยท ููุงู ุณุชุงุฑ ูุงูุญูููุฉ.,https://www.youtube.com/watch?v=IU0GRfr-Ho0
77,ุนุจุงูุงุช,"['abaya', 'ุนุจุงูุงุช']",[],... mango- bershka- abaya- louis vuitton chanel- guess- prada- gucci- ... ุจุฏูุงุช ุณุฑูุงููุฉ- ูุนุงุทู- ููุตุงู- ููุงุจุณ- ุนุจุงูุงุช ุงููุญุฌุจุงุช #ุงุญุฐูุฉ_ุตูููุฉ ...,https://www.youtube.com/watch?v=aB7nCahfdz0
78,ุนุจุงูุงุช,['ุนุจุงูุงุช'],[],... ุชุฑูุฏ ุนุจุฏุงูุฑุญูู ุชุฑูุฏ ุนุจูุฏู ูู ุจุชุญุจูู ุชุฑูุฏ ุนุจุงูุงุช ุงุบุงูู ุชุฑูุฏ ุจุงูุชูู ุชูู ุงุฎุฑ ุชุฑููุฏ ุนูู ุชูู ุชูู ุชุฑูุฏ ุธูุงุฑ ุชุฑูุฏ ุทุฑูู ุงูููู ุชุฑูุฏ ุทุฑูู ุงูููุฑููู ...,https://www.youtube.com/watch?v=nR-8fIAzaHM
79,ุนุจุงูุงุช,"['ุนุจุงูุงุช', 'ุงูุนุจุงูุงุช']",[],ุงุญุฏุซ ููููุดู ุงุฒูุงุก ุนุจุงูุงุช ูขููขูฃ #Haneenfashion ... ุฑูุนุฉ ุงูููุถุฉ ูู ุงููุณุงุก ููุงุจุณ ุงูุนุจุงูุงุช ุงูุณูุฏุงุก ูุนุงู ูขููขูฃ #ููุงุจุณ #ุงุฒูุงุก #ุงุฒูุงุก_ูุณุงุฆูู # ...,https://www.youtube.com/watch?v=GmniXnNwqHo
80,ุนุจุงูุงุช,"['ูุนุจุงูุงุช', 'ุนุจุงูุงุช', 'ุนุจุงูุงุช']",[],ุฏุฑูุณุงุช ูุนุจุงูุงุช ุฎุฑูุฌ ุดุชูู ููุถุฉ 2023ุงุฌูู ุงุณุชููุงุช ูููู ุชุดูููุง. ุงููุงุฑ ุชุณููู. ุงููุงุฑ ุชุณููู ... ุนุจุงูุงุช ููุงุก ุฃู ูุงุณุฑ. ุนุจุงูุงุช ููุงุก ุฃู ูุงุณุฑ.,https://www.youtube.com/watch?v=ajltRqwN0q8
81,ุนุจุงูุงุช,[],[],Watch ุณุนูุฏูุฉ porn videos without misleading links. IXXX movie tube is the free resource for โญ high quality porn.,https://www.ixxx.com/ar/c/saudi
82,ุนุจุงูุงุช,['ุนุจุงูู'],[],ุญุงู ุฏูู ฺฉุฏ ุฑูู ุจูุณุงู ุงูุงุฏ ุชุงู ุจู ุฎุงฺฉุง  ุขู ุนุจุงูู ุจูุงุฑูุง ุจูู ุฌุงูู ุงูุงุณู ุฌููู ุณู ุงููุฑู ูุฏุง ููุฏู ุงููู ุดููุดูู ุงุจูุง . ุง ูุฒูุฏ ููุฑ ุจูุฌุฑ ุจุงูฺฉู ุงููู ุง ุจุฒุฏ ...,https://books.google.co.id/books?id=Z2doAAAAcAAJ&pg=PA36&lpg=PA36&dq=%D8%B9%D8%A8%D8%A7%D9%8A%D8%A7%D8%AA&source=bl&ots=ttcErUUo_V&sig=ACfU3U3CeBMQUdWuFx8_z0OY8UQ-uBqj4w&hl=id&sa=X&ved=2ahUKEwixi9u5pbD8AhXvnXIEHTk3B6c4rAIQ6AF6BQiDAhAD
83,ุนุจุงูุงุช,['ุนุจุงูู'],[],... ูู ุณูุงู ุฌูุฑ ูุงูุฑุฏ ุงุฏฺฉู ุงููุฏ ุจู ูุชูู ุจู ุฌุณุงุฑุช ูุงุฌุจ ุณูุง ุชุญุฑู ุณฺฉุง ุจูููุฑ ุฏู ุงุช ุชุฑ ุขู ุนุจุงูู ุงููุฑ ูุคูู ุงู ูุงู ุนุฏุงูุช ุฏุงุฆู ุจู ุฏุฑ ูุงุฒู ุจุงุฑ ุฎุฏุงุฏู ุงูุงุณูู ...,https://books.google.co.id/books?id=iexRAAAAcAAJ&pg=PA27&lpg=PA27&dq=%D8%B9%D8%A8%D8%A7%D9%8A%D8%A7%D8%AA&source=bl&ots=oVi0_ao5B3&sig=ACfU3U1FB_PHH5CFAipkxiEUp2RG8r7jKg&hl=id&sa=X&ved=2ahUKEwixi9u5pbD8AhXvnXIEHTk3B6c4rAIQ6AF6BQiBAhAD
